locality,bhk,area_sqft,furnishing,floor,total_floors,building_age_yrs,tenant_preferred,gym,swimming_pool,power_backup,lift,security,parking,club_house,dist_metro_km,dist_techpark_km,monthly_rent
BTM Layout,2,875,Semi-Furnished,2,10,3,Any,1,1,0,1,0,1,0,2.0,2.8,32500
Begur,3,1333,Unfurnished,4,5,3,Bachelor,1,1,0,0,0,0,0,4.5,4.5,21000
Bellandur,2,953,Fully Furnished,4,10,6,Any,0,0,1,0,0,1,0,4.1,0.8,22500
Whitefield,2,1156,Semi-Furnished,2,5,1,Bachelor,0,1,1,1,0,0,0,4.9,0.5,30500
Sadashivanagar,2,827,Unfurnished,4,20,10,Bachelor,1,1,1,1,1,1,0,3.6,6.0,53500
Sadashivanagar,3,1376,Fully Furnished,6,7,3,Family,0,1,1,1,1,1,0,3.4,5.8,104500
Koramangala,3,1585,Semi-Furnished,0,7,10,Family,0,0,1,1,0,1,0,1.0,1.9,78000
Hennur,1,694,Unfurnished,2,10,3,Bachelor,0,0,1,0,1,0,0,4.5,6.6,9500
Whitefield,2,1020,Semi-Furnished,5,5,15,Bachelor,0,1,1,1,1,0,0,4.7,0.2,32500
Sarjapur Road,1,434,Unfurnished,5,15,3,Bachelor,1,0,0,1,0,0,0,3.7,1.5,17500
Koramangala,2,1209,Fully Furnished,0,3,1,Family,0,0,1,0,1,0,1,1.3,1.1,52000
Begur,2,1015,Fully Furnished,6,7,10,Family,0,0,0,0,0,0,0,4.6,2.8,17000
Electronic City,2,931,Fully Furnished,7,7,10,Family,0,0,0,0,0,0,0,5.8,0.5,19500
Vasanth Nagar,2,878,Semi-Furnished,3,20,1,Family,1,0,1,1,1,1,0,1.1,3.7,56000
Jayanagar,2,972,Semi-Furnished,5,5,6,Family,0,0,0,1,1,1,0,0.9,5.3,41000
Jayanagar,2,935,Fully Furnished,0,5,3,Family,0,0,1,1,1,0,0,1.4,4.9,33500
HSR Layout,2,1010,Unfurnished,0,15,15,Family,0,1,0,1,0,1,0,2.2,1.8,26000
Marathahalli,2,1028,Semi-Furnished,5,5,3,Any,0,0,1,0,0,0,0,3.9,0.6,31000
Banashankari,1,565,Semi-Furnished,1,3,6,Family,0,0,0,1,0,0,1,3.6,6.6,14500
HSR Layout,3,1429,Unfurnished,3,10,3,Any,1,0,0,0,1,1,1,1.9,1.0,46000
Whitefield,2,948,Semi-Furnished,0,15,3,Family,0,0,0,1,1,1,0,4.6,0.5,29500
Indiranagar,2,911,Fully Furnished,9,10,6,Any,0,0,1,1,1,1,0,0.8,3.7,71000
HSR Layout,2,792,Fully Furnished,6,10,15,Bachelor,0,1,0,0,0,0,0,2.9,1.8,38500
BTM Layout,2,1001,Unfurnished,0,5,6,Family,0,1,0,1,1,1,0,2.2,2.6,22000
Banashankari,1,597,Unfurnished,5,5,6,Bachelor,0,1,0,0,1,0,1,3.2,6.2,15500
Mahadevapura,2,895,Unfurnished,4,10,3,Family,0,0,0,1,0,0,0,3.5,2.2,20500
Jayanagar,3,1358,Fully Furnished,3,7,10,Bachelor,0,0,0,1,0,0,0,1.5,5.1,53500
Marathahalli,2,1094,Unfurnished,1,7,3,Family,0,0,0,1,0,1,1,4.0,1.2,19000
Whitefield,2,752,Fully Furnished,0,7,6,Any,1,1,0,0,1,0,0,4.5,0.2,36000
Koramangala,2,1062,Unfurnished,1,7,6,Bachelor,0,0,1,1,1,1,0,0.8,1.4,43500
Whitefield,1,501,Semi-Furnished,0,5,6,Family,1,0,0,0,1,0,0,4.3,0.3,17000
Jayanagar,2,929,Semi-Furnished,2,5,6,Any,0,0,0,1,1,1,1,2.1,5.5,30000
Koramangala,3,1584,Fully Furnished,2,5,3,Family,0,0,1,1,1,0,0,1.2,2.1,95000
Bannerghatta Rd,1,515,Unfurnished,1,7,10,Any,1,0,0,1,1,1,1,4.5,4.6,13000
Begur,2,998,Semi-Furnished,1,5,1,Bachelor,0,0,0,0,1,0,0,5.4,3.5,15500
Electronic City,2,808,Unfurnished,3,7,20,Any,0,0,0,0,1,0,0,5.3,0.2,9000
HSR Layout,2,935,Fully Furnished,3,7,10,Family,0,0,0,1,1,1,0,2.4,1.7,39500
Indiranagar,3,1690,Fully Furnished,7,15,10,Any,1,0,1,0,1,1,0,0.6,4.0,99500
Sarjapur Road,1,499,Unfurnished,2,10,6,Any,0,0,0,1,0,1,0,4.0,1.2,17500
Banashankari,2,979,Fully Furnished,2,3,6,Family,0,1,1,1,1,0,0,3.6,5.7,24500
Indiranagar,1,579,Semi-Furnished,2,5,10,Family,0,0,1,1,1,0,0,1.4,4.4,37000
Yelahanka,3,1365,Unfurnished,1,5,6,Family,0,0,0,0,0,1,1,4.1,7.8,19000
Koramangala,1,654,Semi-Furnished,11,15,10,Any,0,0,0,1,1,1,0,1.2,2.5,29000
Bannerghatta Rd,2,941,Unfurnished,3,3,1,Family,1,1,1,0,1,0,0,4.2,4.0,24000
HSR Layout,2,930,Fully Furnished,3,7,15,Bachelor,1,0,1,1,1,0,1,2.9,1.9,37000
Sarjapur Road,2,1029,Fully Furnished,5,10,10,Family,1,0,0,1,1,1,1,3.8,1.3,27500
BTM Layout,2,1094,Unfurnished,4,10,3,Family,1,1,1,1,0,1,0,2.3,3.0,25500
Marathahalli,2,856,Semi-Furnished,1,5,10,Bachelor,0,0,0,0,1,0,0,3.5,0.2,27000
Marathahalli,2,1054,Fully Furnished,1,3,10,Any,0,0,1,0,1,1,0,3.2,0.7,27500
Jayanagar,2,955,Fully Furnished,8,10,1,Bachelor,1,1,1,1,0,1,1,1.2,4.7,44500
Begur,1,641,Semi-Furnished,1,20,10,Any,0,0,0,0,0,0,0,4.6,3.5,7000
Mahadevapura,2,917,Fully Furnished,5,10,1,Bachelor,1,1,0,0,0,0,0,3.6,2.1,30000
Bannerghatta Rd,2,971,Semi-Furnished,4,10,6,Family,0,0,0,0,0,0,0,4.4,4.1,21500
Hennur,2,809,Semi-Furnished,1,7,6,Family,1,0,0,1,1,1,0,5.0,6.5,19500
Whitefield,2,874,Fully Furnished,4,7,10,Bachelor,1,0,0,1,0,0,0,4.3,1.4,41000
Bannerghatta Rd,3,1279,Semi-Furnished,3,3,10,Any,1,0,0,1,0,0,0,3.9,4.1,26000
Indiranagar,2,972,Semi-Furnished,19,20,3,Any,1,0,1,1,1,1,0,1.0,3.1,59000
Jayanagar,1,545,Semi-Furnished,4,5,3,Family,1,0,1,1,1,0,0,1.9,3.7,24500
Koramangala,1,583,Fully Furnished,7,10,20,Family,1,0,0,1,1,1,0,1.2,2.6,30500
BTM Layout,3,1203,Fully Furnished,2,7,15,Family,0,0,0,0,0,1,0,2.7,2.2,39000
JP Nagar,2,1104,Semi-Furnished,0,3,6,Any,0,1,0,1,0,0,0,3.2,5.1,24000
HSR Layout,1,569,Semi-Furnished,1,3,6,Any,1,1,0,1,1,0,0,2.5,2.7,27000
Electronic City,2,739,Semi-Furnished,3,5,15,Any,1,0,1,1,0,0,0,5.9,0.5,14000
BTM Layout,2,985,Semi-Furnished,9,20,10,Family,0,0,1,0,1,0,0,2.5,3.2,28000
HSR Layout,2,1005,Unfurnished,5,7,3,Bachelor,0,0,0,0,1,0,0,2.9,1.2,29500
Marathahalli,2,1005,Fully Furnished,4,5,1,Bachelor,0,0,0,0,1,1,0,3.7,1.7,39500
Sadashivanagar,1,583,Semi-Furnished,3,3,1,Family,1,0,1,0,0,1,0,3.4,6.3,31500
Electronic City,3,1692,Semi-Furnished,0,5,10,Bachelor,1,0,1,0,0,1,0,5.5,0.2,22000
Indiranagar,2,939,Unfurnished,2,3,15,Family,0,1,1,1,0,1,1,0.7,3.1,42500
Attibele,2,969,Unfurnished,0,5,15,Family,0,1,0,0,1,0,0,8.1,1.9,12000
Mahadevapura,2,1110,Fully Furnished,13,20,3,Any,0,0,1,0,0,0,0,3.4,2.5,28000
Jayanagar,2,884,Semi-Furnished,0,5,3,Any,0,1,1,1,0,1,0,2.1,4.0,34000
Koramangala,2,1001,Unfurnished,3,5,6,Bachelor,0,1,1,0,1,0,0,1.2,1.8,42500
Electronic City,2,882,Semi-Furnished,3,5,15,Bachelor,0,0,1,0,1,0,0,5.6,0.2,18000
Sarjapur Road,2,916,Semi-Furnished,2,5,20,Family,0,0,1,1,1,0,0,3.6,1.0,23000
Bellandur,3,1211,Unfurnished,7,15,3,Any,0,1,0,1,1,1,0,3.6,1.7,32000
Mahadevapura,3,1618,Semi-Furnished,0,10,1,Any,1,0,1,1,0,0,0,3.4,1.5,31000
Indiranagar,1,598,Semi-Furnished,0,3,1,Any,1,0,1,0,1,0,0,1.1,2.5,26500
BTM Layout,1,630,Semi-Furnished,10,10,6,Any,1,0,1,1,1,1,0,2.2,2.8,23500
Indiranagar,3,1573,Semi-Furnished,0,3,3,Family,1,1,1,1,1,1,0,0.5,4.0,85500
Hennur,2,861,Semi-Furnished,9,10,6,Family,0,1,0,0,0,0,0,4.3,7.5,19500
Whitefield,3,1680,Fully Furnished,13,20,10,Bachelor,1,1,1,1,1,0,0,4.3,0.4,43000
BTM Layout,1,686,Semi-Furnished,1,20,15,Family,1,0,1,1,1,1,0,2.3,1.7,23000
Koramangala,2,1026,Unfurnished,2,3,20,Any,1,1,0,1,1,1,0,1.1,2.6,34000
BTM Layout,2,988,Unfurnished,11,15,15,Family,1,0,0,1,1,0,0,2.3,2.1,23500
BTM Layout,2,912,Semi-Furnished,3,5,10,Family,0,0,1,1,1,0,0,1.8,3.1,23000
Bellandur,2,985,Fully Furnished,7,10,6,Family,0,0,0,0,0,1,0,3.4,0.8,25500
Whitefield,1,503,Unfurnished,10,10,3,Any,0,0,0,1,1,1,0,4.2,1.1,15500
Hennur,2,1178,Fully Furnished,10,15,6,Family,0,0,0,0,0,0,1,5.0,7.2,20500
Yelahanka,2,1029,Unfurnished,5,7,15,Bachelor,0,0,0,0,1,1,0,4.1,7.3,16500
Indiranagar,2,996,Semi-Furnished,1,7,10,Bachelor,1,1,1,1,1,1,1,0.8,3.1,64000
Bellandur,3,1369,Fully Furnished,9,10,10,Family,1,0,1,0,1,0,0,3.9,1.0,37000
Mahadevapura,2,882,Semi-Furnished,12,15,6,Bachelor,0,0,0,0,1,1,0,2.7,1.7,20000
Marathahalli,3,1305,Semi-Furnished,2,7,10,Any,0,0,1,0,1,0,0,3.2,0.4,31000
Mahadevapura,1,427,Unfurnished,4,5,6,Bachelor,0,0,1,0,0,0,0,3.5,1.6,10500
Yelahanka,2,1032,Fully Furnished,10,10,3,Any,0,1,1,0,0,0,0,3.6,8.2,24000
Marathahalli,3,1200,Unfurnished,5,5,1,Family,0,0,0,1,0,1,0,3.0,0.5,36000
JP Nagar,1,676,Fully Furnished,1,7,6,Family,0,0,1,0,1,1,1,2.8,5.5,22500
Koramangala,1,595,Unfurnished,4,15,10,Any,0,1,1,1,1,1,0,1.0,1.3,25000
Indiranagar,2,893,Fully Furnished,5,5,6,Family,1,0,0,0,0,1,0,1.2,2.6,55500
Koramangala,1,516,Semi-Furnished,6,7,15,Bachelor,1,0,1,1,1,1,1,1.1,2.1,32000
Whitefield,2,962,Fully Furnished,1,5,6,Any,0,0,1,1,1,0,0,4.4,0.2,33500
BTM Layout,3,1277,Semi-Furnished,2,10,15,Family,0,1,0,0,1,0,0,2.5,2.4,46000
Marathahalli,2,887,Fully Furnished,8,10,6,Any,0,0,0,0,0,1,0,3.5,0.7,28000
Bannerghatta Rd,2,1184,Unfurnished,6,10,20,Family,0,0,0,0,0,1,0,4.2,4.5,15000
HSR Layout,2,845,Unfurnished,5,5,6,Family,0,0,0,1,0,1,0,2.5,1.9,26000
JP Nagar,2,914,Semi-Furnished,1,5,6,Family,0,0,1,0,1,0,0,3.3,5.6,27000
Bellandur,1,527,Unfurnished,5,10,6,Any,0,0,1,0,1,0,1,4.2,0.2,14000
Vasanth Nagar,2,696,Unfurnished,3,5,6,Family,0,0,0,1,1,0,0,0.7,4.1,56500
Indiranagar,2,1051,Fully Furnished,1,10,6,Any,1,0,0,1,1,0,0,1.1,4.3,65000
HSR Layout,2,888,Fully Furnished,7,7,10,Any,0,0,1,1,1,0,1,3.0,0.8,39000
Sadashivanagar,1,524,Semi-Furnished,3,7,3,Bachelor,0,0,1,1,1,1,0,3.8,6.1,38500
Bannerghatta Rd,2,1027,Fully Furnished,3,3,10,Bachelor,0,0,1,1,0,0,0,3.9,5.3,23500
Electronic City,1,675,Semi-Furnished,7,7,6,Bachelor,0,0,1,1,1,0,0,5.4,0.6,14500
Whitefield,1,642,Unfurnished,9,10,10,Family,1,1,0,1,0,0,0,4.5,1.0,22500
Hennur,3,1502,Fully Furnished,0,5,15,Bachelor,1,0,0,0,0,0,0,4.6,6.9,22500
Electronic City,2,974,Semi-Furnished,6,10,6,Bachelor,0,1,0,0,0,0,0,5.5,0.3,19000
Jayanagar,1,510,Fully Furnished,4,5,15,Any,1,0,0,0,1,1,1,1.0,5.2,16000
Hennur,1,461,Unfurnished,0,3,15,Any,0,0,1,0,0,1,0,4.4,7.5,9000
Marathahalli,1,553,Semi-Furnished,5,5,6,Any,1,1,1,1,0,0,0,3.4,1.0,17000
Electronic City,2,903,Unfurnished,0,10,1,Any,0,0,0,0,0,1,0,6.0,0.7,15500
Hennur,1,489,Unfurnished,0,20,3,Bachelor,1,0,0,0,0,1,0,4.7,6.8,12000
BTM Layout,1,513,Unfurnished,0,5,10,Any,0,0,0,0,0,1,0,2.4,3.0,13500
Indiranagar,2,789,Fully Furnished,0,5,3,Any,1,0,1,1,1,1,0,0.8,3.7,55500
Vasanth Nagar,2,946,Fully Furnished,1,3,15,Family,1,0,1,1,0,1,0,0.9,4.4,67500
JP Nagar,2,929,Fully Furnished,3,20,3,Any,1,0,1,0,1,0,1,3.0,5.2,31000
Electronic City,2,827,Semi-Furnished,16,20,10,Bachelor,0,1,1,0,1,1,0,5.5,0.4,19500
Hennur,1,568,Semi-Furnished,10,10,20,Bachelor,0,1,1,0,1,0,0,4.0,6.6,12500
Koramangala,3,1211,Unfurnished,4,10,15,Any,1,0,1,1,1,1,0,0.7,2.2,49500
Marathahalli,3,1238,Unfurnished,1,3,6,Any,0,1,1,0,0,1,1,3.8,1.2,30500
JP Nagar,3,1310,Semi-Furnished,0,7,20,Family,1,0,1,1,1,1,0,3.3,6.0,33500
Vasanth Nagar,3,1622,Fully Furnished,1,10,6,Any,1,0,1,1,0,1,0,1.2,4.4,67500
Indiranagar,3,1382,Semi-Furnished,0,3,3,Bachelor,0,0,1,0,1,1,0,0.8,3.5,81500
BTM Layout,2,1031,Unfurnished,7,15,6,Family,0,0,1,0,1,1,1,2.0,2.1,22500
Bannerghatta Rd,1,638,Unfurnished,18,20,15,Any,1,1,0,1,0,0,0,4.0,3.4,9000
BTM Layout,2,1096,Unfurnished,7,7,20,Bachelor,0,0,0,0,1,1,0,2.3,2.6,20500
Marathahalli,2,878,Semi-Furnished,2,5,10,Any,0,1,1,1,0,0,0,3.8,1.0,29000
Sarjapur Road,2,995,Fully Furnished,1,3,10,Family,1,0,0,1,0,0,0,3.9,1.3,27500
BTM Layout,2,980,Semi-Furnished,5,10,6,Bachelor,0,0,0,0,0,0,0,2.0,2.4,25000
Begur,1,693,Fully Furnished,1,7,20,Bachelor,0,0,0,1,0,0,0,4.9,3.1,12500
Begur,2,954,Semi-Furnished,5,7,3,Bachelor,0,0,1,1,0,0,0,5.1,3.7,15500
HSR Layout,3,1452,Semi-Furnished,8,10,10,Family,1,0,0,1,0,1,0,2.6,1.8,43000
Yelahanka,2,596,Unfurnished,7,15,15,Any,1,0,1,0,1,0,0,3.6,7.4,20500
HSR Layout,2,1133,Fully Furnished,7,7,6,Bachelor,0,1,1,1,0,1,1,2.7,1.8,36000
HSR Layout,2,787,Fully Furnished,2,10,20,Any,0,0,0,1,1,1,0,2.4,1.3,26500
Koramangala,2,1060,Unfurnished,2,5,3,Bachelor,0,1,1,1,1,1,1,0.9,2.8,38000
Whitefield,3,1161,Semi-Furnished,9,10,10,Family,0,1,1,0,1,1,0,4.4,0.7,51500
Marathahalli,2,828,Semi-Furnished,2,5,3,Bachelor,1,0,0,1,1,0,0,3.3,0.6,27000
Koramangala,3,1474,Semi-Furnished,0,7,15,Bachelor,0,1,0,0,1,0,0,0.9,2.9,53500
HSR Layout,2,1030,Fully Furnished,8,15,6,Bachelor,0,1,1,0,1,0,0,2.7,0.9,42000
Bannerghatta Rd,2,931,Semi-Furnished,5,5,1,Bachelor,0,0,0,0,1,0,0,3.0,4.3,18500
HSR Layout,1,509,Semi-Furnished,0,7,10,Bachelor,0,0,1,0,0,0,0,2.3,2.9,18500
Sadashivanagar,2,916,Unfurnished,2,3,3,Family,0,0,1,1,0,0,0,3.6,6.5,61000
Yelahanka,2,1084,Unfurnished,4,5,10,Bachelor,0,0,0,0,0,0,0,3.6,8.0,18000
Attibele,2,970,Unfurnished,2,7,15,Family,1,0,0,1,0,0,0,8.4,1.3,11500
HSR Layout,2,943,Unfurnished,9,10,3,Family,1,1,1,0,1,0,0,2.5,0.8,33000
Sarjapur Road,3,1180,Fully Furnished,5,5,6,Any,1,0,0,0,0,0,0,3.8,2.2,44500
Mahadevapura,1,514,Fully Furnished,2,10,15,Bachelor,1,0,1,1,1,1,0,3.5,1.9,18500
HSR Layout,3,1384,Unfurnished,1,7,3,Any,0,0,1,1,1,1,1,3.0,1.2,40000
Bellandur,2,1127,Fully Furnished,3,3,10,Bachelor,0,1,1,0,0,1,0,3.7,1.4,30000
BTM Layout,2,1067,Unfurnished,8,10,10,Any,0,0,0,1,1,0,0,2.4,2.9,30000
Whitefield,1,618,Semi-Furnished,4,7,10,Bachelor,1,1,1,1,1,1,0,4.8,0.7,26500
Whitefield,2,942,Unfurnished,4,10,20,Any,0,0,0,0,1,0,0,4.6,1.0,19500
Marathahalli,2,966,Semi-Furnished,3,3,3,Family,0,0,0,1,0,0,0,3.4,0.8,29000
Indiranagar,1,518,Unfurnished,3,7,3,Any,0,1,1,1,1,0,0,1.2,3.7,29500
Electronic City,2,1162,Semi-Furnished,6,7,15,Any,0,1,0,1,0,0,0,5.4,0.2,13500
BTM Layout,3,1813,Semi-Furnished,0,3,3,Any,1,0,1,0,0,1,0,2.1,2.8,39000
Jayanagar,1,514,Fully Furnished,1,5,10,Family,0,1,0,1,1,0,0,1.5,4.4,32500
Koramangala,3,1207,Unfurnished,3,7,15,Family,1,1,0,0,0,0,1,0.8,1.6,60500
Whitefield,2,971,Unfurnished,2,15,3,Family,1,0,1,0,1,0,1,4.8,0.4,30000
Sarjapur Road,2,704,Unfurnished,4,10,1,Family,0,1,0,1,1,0,0,3.8,2.0,29000
Koramangala,2,912,Semi-Furnished,6,7,6,Any,1,1,1,1,1,0,0,1.5,1.9,61500
Marathahalli,1,630,Unfurnished,4,5,3,Family,0,1,0,1,1,0,0,4.3,1.0,16000
Vasanth Nagar,1,699,Fully Furnished,0,7,10,Family,1,0,0,1,1,1,0,0.6,3.4,34500
Whitefield,1,452,Semi-Furnished,7,7,3,Family,0,0,0,1,0,0,0,4.0,1.5,19000
Jayanagar,1,470,Semi-Furnished,7,7,6,Family,1,0,0,1,1,0,0,1.4,5.7,24500
Sarjapur Road,2,1091,Semi-Furnished,0,5,6,Family,1,1,1,1,1,1,0,4.1,0.6,30000
JP Nagar,3,1443,Unfurnished,10,10,20,Any,0,0,0,0,1,0,1,2.9,5.4,25500
Bannerghatta Rd,3,1562,Unfurnished,5,10,15,Bachelor,0,0,0,1,0,0,0,3.9,4.8,17500
Indiranagar,2,1157,Semi-Furnished,1,7,3,Family,1,1,1,1,1,0,0,1.0,3.0,63500
BTM Layout,1,453,Semi-Furnished,2,7,3,Bachelor,1,0,1,1,1,0,0,2.2,3.4,21000
Indiranagar,2,818,Unfurnished,8,20,3,Bachelor,1,0,1,0,1,0,1,0.6,4.0,59500
Bannerghatta Rd,2,816,Unfurnished,3,3,6,Family,0,0,1,0,1,0,1,4.4,4.6,17500
Hennur,1,531,Fully Furnished,10,10,1,Any,1,0,1,0,0,0,0,4.4,7.2,13500
HSR Layout,2,1017,Unfurnished,4,5,3,Any,1,1,0,1,1,0,0,2.9,1.2,36500
Sarjapur Road,2,778,Fully Furnished,5,10,6,Any,0,1,0,1,1,1,0,4.3,0.4,31500
Electronic City,2,918,Fully Furnished,12,15,3,Any,0,1,1,0,0,1,0,5.2,0.4,21000
Marathahalli,2,1069,Unfurnished,5,5,6,Family,1,0,0,0,1,1,0,4.2,0.2,22500
Marathahalli,3,1267,Unfurnished,6,7,6,Any,1,1,0,0,1,1,0,3.5,0.5,33000
HSR Layout,3,1454,Unfurnished,6,7,6,Any,1,1,0,0,1,1,0,2.2,2.3,44000
Indiranagar,2,948,Semi-Furnished,2,15,15,Any,0,0,1,1,0,0,0,0.2,3.7,47000
Hennur,3,1720,Semi-Furnished,3,5,6,Family,1,0,0,0,1,1,0,4.6,7.7,23500
Bannerghatta Rd,3,1227,Fully Furnished,5,10,6,Any,0,0,1,0,0,0,0,4.0,4.3,30000
Whitefield,2,818,Fully Furnished,3,3,6,Any,0,0,1,0,1,0,0,5.0,0.2,31000
BTM Layout,2,1043,Semi-Furnished,2,7,10,Any,1,0,1,1,0,0,0,2.2,2.6,28000
BTM Layout,2,1087,Unfurnished,8,10,10,Family,0,0,0,1,1,0,1,1.7,2.0,23500
Bellandur,3,1316,Unfurnished,0,15,3,Any,0,1,1,1,1,1,0,4.0,1.7,29000
Hennur,3,1310,Fully Furnished,7,7,10,Any,0,1,0,1,1,1,0,4.5,6.6,31000
Hennur,1,469,Unfurnished,11,15,10,Any,1,0,1,1,0,0,0,4.3,7.0,9000
Mahadevapura,2,937,Unfurnished,6,10,6,Bachelor,0,1,0,1,0,0,0,3.5,3.0,19500
Whitefield,2,972,Fully Furnished,3,3,6,Any,0,0,0,1,0,0,0,4.7,1.0,34000
Indiranagar,2,798,Semi-Furnished,15,20,3,Bachelor,1,1,0,1,1,1,1,0.5,3.6,55500
Sadashivanagar,1,498,Fully Furnished,4,10,10,Bachelor,1,0,1,1,1,1,0,3.2,6.2,45000
Hennur,3,1604,Semi-Furnished,3,10,10,Bachelor,0,0,1,1,1,0,0,4.7,6.5,22500
Whitefield,2,845,Unfurnished,10,20,6,Any,0,0,1,1,0,0,0,5.3,0.2,27500
Koramangala,3,1439,Fully Furnished,1,7,20,Family,1,0,1,1,0,1,1,1.0,1.8,61000
Indiranagar,3,1478,Unfurnished,0,5,6,Bachelor,0,0,1,1,1,0,0,1.0,3.6,49500
Sarjapur Road,2,837,Semi-Furnished,1,15,3,Any,1,0,1,0,1,1,0,4.1,1.6,34500
Koramangala,2,895,Semi-Furnished,10,15,6,Any,0,1,0,1,1,0,1,1.8,1.9,58000
Sadashivanagar,2,918,Unfurnished,2,7,10,Bachelor,0,0,0,1,1,1,0,3.4,5.8,61000
Marathahalli,1,574,Semi-Furnished,0,7,1,Any,1,0,0,1,0,1,0,3.3,0.5,16500
Sarjapur Road,2,972,Unfurnished,5,7,15,Any,1,1,0,1,0,1,0,3.8,2.3,28000
Sarjapur Road,1,674,Semi-Furnished,4,5,6,Family,0,1,1,1,1,0,0,4.5,0.4,16000
Vasanth Nagar,2,1001,Semi-Furnished,13,15,10,Bachelor,1,0,1,0,1,1,1,0.7,3.9,55500
Bellandur,1,391,Fully Furnished,1,7,3,Family,0,0,1,1,0,0,1,3.7,1.1,18500
HSR Layout,1,613,Fully Furnished,16,20,10,Family,0,1,0,1,1,1,0,2.6,1.4,24000
BTM Layout,1,449,Unfurnished,5,7,10,Bachelor,1,0,1,1,1,0,0,1.6,2.5,19500
Bellandur,1,578,Semi-Furnished,3,5,15,Any,0,0,0,0,1,1,0,4.3,2.0,13500
Whitefield,2,888,Semi-Furnished,0,5,6,Any,0,0,1,1,1,0,1,4.2,0.2,26000
Electronic City,2,870,Unfurnished,3,15,15,Family,0,1,1,1,0,1,0,5.6,0.2,13500
Sarjapur Road,2,1030,Fully Furnished,7,10,3,Family,1,1,1,0,0,1,0,4.1,1.2,34500
Marathahalli,1,552,Fully Furnished,6,7,6,Bachelor,0,0,1,1,1,0,0,3.0,2.1,19500
Indiranagar,1,591,Unfurnished,3,10,3,Bachelor,1,0,1,1,1,0,0,0.9,3.2,26500
BTM Layout,1,661,Semi-Furnished,1,7,15,Family,0,0,1,1,0,0,0,2.4,2.4,18500
HSR Layout,1,541,Unfurnished,1,7,15,Any,0,0,0,0,0,0,0,3.0,1.9,15000
HSR Layout,3,1518,Semi-Furnished,0,20,10,Any,0,0,0,0,1,0,1,2.5,2.0,45000
Begur,1,509,Unfurnished,4,20,10,Bachelor,0,1,0,0,0,1,0,4.7,3.8,11500
JP Nagar,2,1041,Fully Furnished,3,10,10,Any,0,1,0,0,1,0,0,2.7,4.9,25500
Hennur,1,459,Fully Furnished,1,7,20,Family,0,1,1,0,1,0,0,4.7,7.3,15000
Whitefield,1,649,Semi-Furnished,0,7,3,Any,1,0,1,0,0,0,1,4.6,1.7,14500
Mahadevapura,2,739,Semi-Furnished,0,7,10,Bachelor,0,1,0,1,1,1,1,3.6,2.0,30500
Marathahalli,2,880,Fully Furnished,4,10,10,Family,0,1,0,0,0,0,0,3.9,0.2,30000
Whitefield,1,390,Semi-Furnished,3,7,3,Any,0,0,0,1,0,0,1,4.4,0.7,19500
Yelahanka,1,547,Unfurnished,5,5,10,Bachelor,0,0,0,0,1,0,0,3.9,7.5,11500
Jayanagar,2,685,Semi-Furnished,1,10,6,Any,1,1,0,1,1,0,0,1.3,5.0,36500
Bellandur,1,527,Fully Furnished,2,7,6,Family,0,1,0,1,0,0,0,3.7,0.2,23000
HSR Layout,1,502,Semi-Furnished,1,7,6,Family,0,0,1,0,1,1,1,2.6,2.0,17000
Koramangala,3,1291,Semi-Furnished,9,10,20,Family,0,0,0,0,1,0,0,1.2,1.7,72000
Whitefield,2,974,Fully Furnished,8,20,6,Bachelor,0,1,1,1,1,1,1,4.6,0.2,36500
Jayanagar,2,960,Fully Furnished,3,5,10,Any,1,0,0,1,1,1,0,1.5,5.1,46000
Bannerghatta Rd,2,1017,Fully Furnished,1,10,10,Family,1,0,0,0,1,0,0,3.5,4.6,20500
Begur,2,880,Unfurnished,7,10,20,Any,0,0,0,1,0,0,0,4.7,3.5,12000
Bannerghatta Rd,2,1030,Semi-Furnished,5,5,1,Any,1,0,0,0,1,0,0,4.6,4.4,21000
BTM Layout,2,1014,Fully Furnished,7,10,10,Any,1,0,0,0,1,0,0,2.5,2.1,32000
Koramangala,2,880,Fully Furnished,6,7,6,Bachelor,1,1,1,1,1,1,0,1.3,2.6,65000
Bannerghatta Rd,1,533,Semi-Furnished,7,7,3,Any,0,1,0,1,0,0,0,3.1,4.6,15000
JP Nagar,2,873,Unfurnished,0,3,6,Bachelor,1,0,1,0,0,1,0,3.0,5.7,21000
Begur,2,873,Fully Furnished,8,10,3,Bachelor,0,0,0,0,0,0,0,4.3,4.4,18500
Begur,3,971,Fully Furnished,1,5,6,Family,0,0,0,0,0,0,0,4.9,3.0,18500
Electronic City,2,1000,Unfurnished,3,7,10,Family,0,0,1,0,0,1,0,5.4,0.2,15000
HSR Layout,2,1231,Semi-Furnished,4,7,10,Family,1,1,1,0,1,0,0,2.6,1.8,40500
JP Nagar,1,497,Unfurnished,3,3,6,Bachelor,0,0,0,1,1,0,0,3.0,5.8,11500
Electronic City,2,1154,Semi-Furnished,2,5,6,Family,0,0,0,1,1,0,0,5.5,0.5,15000
BTM Layout,1,459,Unfurnished,5,7,3,Family,1,0,0,1,1,0,0,2.5,3.2,17500
Sadashivanagar,2,721,Semi-Furnished,6,7,3,Any,1,0,1,0,1,1,0,3.6,6.7,66500
Marathahalli,1,507,Semi-Furnished,1,5,10,Family,0,0,1,0,1,0,1,4.0,0.7,17000
Bannerghatta Rd,2,791,Semi-Furnished,7,10,15,Family,0,0,0,0,1,0,0,3.7,4.2,15500
Sarjapur Road,1,697,Semi-Furnished,2,7,10,Family,0,1,1,1,1,0,0,4.2,1.1,19500
Whitefield,2,1007,Fully Furnished,3,3,3,Any,0,0,0,0,0,0,0,4.9,0.9,38500
Indiranagar,3,1250,Unfurnished,0,3,15,Family,0,0,1,0,1,1,0,0.9,3.2,57000
Whitefield,1,500,Unfurnished,6,7,10,Bachelor,0,0,1,0,1,1,0,4.2,0.9,13500
Attibele,2,1066,Fully Furnished,3,5,10,Bachelor,0,0,0,0,0,1,0,7.9,2.4,15500
Sadashivanagar,2,966,Unfurnished,5,5,10,Any,0,0,0,1,1,1,0,3.6,6.2,49500
Marathahalli,1,667,Fully Furnished,3,5,3,Bachelor,1,0,1,0,0,0,0,3.7,0.9,22000
Hennur,3,1204,Fully Furnished,5,7,1,Any,1,0,0,0,0,0,0,4.2,6.9,23500
Bellandur,1,522,Semi-Furnished,0,5,20,Family,1,0,0,1,0,1,0,3.4,0.4,14000
Sarjapur Road,2,961,Fully Furnished,7,7,6,Family,0,0,1,0,0,0,0,3.7,0.7,30500
Sarjapur Road,2,939,Unfurnished,0,3,6,Family,0,1,1,0,0,1,0,4.2,1.4,17500
BTM Layout,2,816,Semi-Furnished,1,5,3,Family,1,1,0,1,1,0,0,2.2,2.4,28500
HSR Layout,2,739,Semi-Furnished,7,7,1,Family,0,0,0,0,1,1,1,2.4,2.2,40500
Electronic City,2,903,Semi-Furnished,2,15,6,Family,1,0,0,0,0,0,0,5.2,0.9,17000
Electronic City,1,523,Fully Furnished,1,3,3,Bachelor,0,0,0,0,1,0,0,5.6,0.2,13000
Hennur,2,938,Unfurnished,1,3,6,Any,0,0,1,1,0,0,0,4.8,6.2,17000
Bannerghatta Rd,2,1007,Semi-Furnished,3,3,6,Family,0,0,0,0,1,1,0,4.1,5.6,15500
Marathahalli,3,1605,Semi-Furnished,6,7,6,Any,0,0,0,1,0,0,0,3.6,1.7,33500
Marathahalli,3,1289,Semi-Furnished,9,10,1,Family,0,1,1,1,0,1,0,4.1,0.7,39500
Mahadevapura,3,1374,Unfurnished,5,7,15,Family,0,1,1,1,0,1,0,3.3,1.7,23500
Whitefield,2,764,Semi-Furnished,4,5,1,Bachelor,1,0,1,0,0,1,0,4.7,0.9,29000
Sarjapur Road,2,1225,Fully Furnished,2,10,15,Family,1,1,0,1,0,1,0,4.0,1.4,34000
Mahadevapura,3,1767,Unfurnished,3,5,20,Family,1,0,0,0,0,0,1,3.1,1.4,26500
Hennur,2,760,Fully Furnished,15,20,3,Bachelor,0,1,0,0,0,0,0,4.5,7.5,22000
BTM Layout,1,647,Semi-Furnished,5,5,6,Any,0,0,0,1,1,1,0,2.1,1.5,16500
BTM Layout,3,1340,Fully Furnished,3,5,3,Any,0,0,0,1,1,1,0,1.9,2.9,42000
Indiranagar,3,1423,Fully Furnished,5,15,6,Family,0,1,1,1,1,0,0,0.9,3.2,66000
Whitefield,2,851,Unfurnished,1,20,6,Any,1,0,0,1,1,0,0,4.7,0.3,24000
Koramangala,1,554,Semi-Furnished,3,5,10,Any,1,0,1,1,0,1,0,0.9,1.9,31000
Banashankari,2,798,Fully Furnished,4,10,6,Bachelor,0,0,0,0,1,0,0,3.1,6.1,26500
Marathahalli,3,1087,Semi-Furnished,2,10,3,Any,1,0,0,1,1,1,0,3.7,0.9,38000
HSR Layout,3,1439,Fully Furnished,2,5,3,Bachelor,0,0,1,0,0,1,0,2.8,1.2,67000
Whitefield,1,565,Semi-Furnished,7,7,3,Family,1,1,0,1,1,0,0,4.9,1.5,22000
Koramangala,1,529,Unfurnished,18,20,6,Bachelor,1,0,0,0,1,1,0,1.0,1.8,22000
Koramangala,3,1568,Semi-Furnished,17,20,15,Bachelor,0,1,1,1,1,1,0,1.1,2.1,80000
Electronic City,2,835,Fully Furnished,0,5,1,Bachelor,0,1,0,1,0,0,0,5.8,0.9,16500
BTM Layout,2,774,Semi-Furnished,2,7,6,Bachelor,0,0,1,0,0,0,0,2.1,2.2,33000
Indiranagar,3,1165,Fully Furnished,3,5,10,Any,0,0,1,1,0,0,0,0.6,3.7,89000
Marathahalli,1,596,Fully Furnished,0,5,15,Any,1,0,0,0,1,0,0,3.4,1.0,19500
Mahadevapura,2,990,Semi-Furnished,6,10,6,Any,0,1,1,1,0,0,0,3.4,0.8,21500
Vasanth Nagar,1,535,Unfurnished,1,3,3,Any,0,1,1,1,0,1,0,1.2,3.8,31500
Whitefield,2,873,Fully Furnished,2,3,3,Any,0,0,1,1,1,1,0,4.5,0.8,42000
Indiranagar,3,1075,Semi-Furnished,0,5,15,Family,1,0,0,0,1,0,0,0.5,2.7,75500
Koramangala,2,916,Fully Furnished,1,15,15,Family,0,1,1,1,1,0,1,1.2,2.0,53000
Marathahalli,3,1250,Semi-Furnished,4,5,10,Bachelor,1,0,1,0,1,1,0,3.7,0.6,34000
Marathahalli,2,684,Semi-Furnished,0,7,3,Any,1,0,0,0,0,1,0,3.9,1.2,27500
Whitefield,2,1106,Fully Furnished,1,5,3,Bachelor,1,0,1,1,1,0,0,4.7,0.7,31000
Bellandur,1,730,Semi-Furnished,5,15,6,Any,0,0,1,1,1,1,0,3.9,1.1,15500
Begur,2,928,Semi-Furnished,3,5,15,Family,0,0,0,0,1,1,0,5.1,4.2,15500
Marathahalli,2,766,Semi-Furnished,7,15,15,Family,1,0,1,1,0,1,0,3.4,1.0,23000
BTM Layout,1,531,Semi-Furnished,1,7,6,Any,1,0,1,1,1,0,1,1.8,2.5,19000
Mahadevapura,2,973,Semi-Furnished,0,5,20,Family,1,0,1,1,1,0,0,3.4,2.3,18000
HSR Layout,2,769,Fully Furnished,1,7,6,Family,0,1,1,1,1,1,0,2.1,2.2,39000
Banashankari,2,771,Semi-Furnished,3,3,6,Family,0,0,0,0,0,0,0,3.7,6.7,22500
Indiranagar,2,842,Semi-Furnished,6,10,6,Family,1,0,0,1,1,0,0,0.9,4.6,52000
Koramangala,2,842,Semi-Furnished,0,5,3,Any,0,0,0,1,1,1,0,1.3,2.0,46000
Begur,1,455,Unfurnished,5,15,10,Family,0,0,0,1,0,0,1,5.6,3.5,9000
Electronic City,1,710,Unfurnished,2,5,15,Bachelor,0,0,0,0,0,0,0,5.6,1.4,9000
Sarjapur Road,2,761,Fully Furnished,4,10,20,Family,0,0,0,0,0,1,0,4.0,0.5,32500
JP Nagar,2,993,Fully Furnished,1,3,3,Any,1,1,0,0,0,1,0,2.8,5.3,23500
Jayanagar,1,638,Semi-Furnished,5,7,3,Family,0,1,1,1,1,1,0,1.9,5.0,21000
Sadashivanagar,3,1361,Semi-Furnished,6,7,15,Bachelor,1,0,1,1,0,1,1,3.6,5.9,82500
HSR Layout,3,1419,Unfurnished,7,7,6,Any,0,0,1,1,1,0,1,2.6,2.3,46500
Marathahalli,2,881,Semi-Furnished,6,15,10,Family,0,0,0,0,0,0,0,3.7,0.8,23000
Bellandur,1,495,Semi-Furnished,7,7,15,Any,1,0,1,1,1,0,0,4.3,1.0,19000
Sarjapur Road,3,1590,Semi-Furnished,5,10,3,Bachelor,1,1,0,1,1,1,0,3.6,1.2,39500
HSR Layout,2,1131,Semi-Furnished,7,7,6,Bachelor,0,0,1,1,0,0,0,2.2,1.4,36500
Begur,3,1307,Unfurnished,1,5,6,Family,0,0,0,1,1,0,0,4.8,3.6,13000
Bellandur,3,1534,Unfurnished,12,15,15,Any,0,1,0,1,0,1,1,3.6,1.4,26500
Marathahalli,3,1646,Fully Furnished,4,5,6,Any,0,1,0,1,0,0,0,3.9,0.4,41500
Whitefield,2,1078,Semi-Furnished,2,7,10,Family,0,0,0,0,1,1,0,4.4,0.9,26000
JP Nagar,1,475,Semi-Furnished,2,3,6,Family,0,0,0,1,0,0,0,2.8,5.6,12500
HSR Layout,2,843,Unfurnished,3,5,10,Any,1,0,0,1,0,1,0,2.4,2.3,28500
BTM Layout,2,974,Unfurnished,1,7,20,Any,0,0,0,1,1,1,0,2.0,2.8,18500
Bellandur,2,778,Fully Furnished,4,7,3,Any,1,1,0,1,0,1,0,3.9,1.2,34000
Koramangala,1,586,Semi-Furnished,0,5,1,Bachelor,0,0,0,0,0,1,0,1.4,2.6,23000
Indiranagar,1,463,Semi-Furnished,3,3,15,Any,0,0,1,0,1,0,0,0.7,3.1,23500
Koramangala,3,1563,Unfurnished,6,10,6,Family,1,0,1,0,1,0,0,1.0,2.2,59000
Koramangala,2,773,Fully Furnished,6,7,3,Family,0,0,0,1,1,0,0,1.2,2.2,55000
Electronic City,3,1480,Unfurnished,3,5,10,Bachelor,0,1,0,0,0,1,0,4.9,0.2,22500
Sarjapur Road,3,1299,Unfurnished,3,3,15,Any,1,0,1,1,1,1,0,3.8,1.5,33000
Yelahanka,2,1099,Semi-Furnished,0,7,15,Family,0,0,1,1,1,0,0,3.7,7.8,19000
Indiranagar,2,758,Unfurnished,10,15,3,Bachelor,1,0,1,0,1,0,0,0.9,4.1,47000
Yelahanka,3,1419,Unfurnished,1,15,15,Any,0,0,0,1,1,0,0,4.4,8.3,22500
Yelahanka,2,1049,Semi-Furnished,7,10,15,Bachelor,1,0,0,0,1,1,0,3.8,8.0,23500
Jayanagar,2,947,Semi-Furnished,1,5,6,Any,1,1,1,1,0,1,1,1.7,4.4,46000
Banashankari,1,591,Fully Furnished,0,3,3,Any,0,0,0,0,0,1,0,3.7,6.2,15500
JP Nagar,2,1064,Semi-Furnished,4,7,15,Family,0,0,0,1,1,0,0,3.4,6.1,22000
Whitefield,2,1108,Unfurnished,5,5,15,Any,1,0,1,0,1,0,0,4.1,1.1,23000
Whitefield,2,612,Unfurnished,0,10,6,Any,0,1,1,0,0,0,0,4.7,0.2,27000
Koramangala,1,561,Fully Furnished,8,15,10,Any,1,0,1,0,1,1,0,1.1,2.1,31000
BTM Layout,2,953,Semi-Furnished,5,7,1,Any,0,1,0,1,1,0,0,2.1,3.0,32000
Whitefield,1,719,Fully Furnished,3,7,6,Any,1,0,0,1,1,1,0,4.9,0.9,25500
Marathahalli,1,643,Unfurnished,4,7,1,Family,0,1,0,0,1,0,0,3.3,1.2,19000
Electronic City,2,923,Semi-Furnished,10,10,15,Family,0,0,0,1,1,1,0,5.5,0.2,17500
Sarjapur Road,3,1546,Unfurnished,5,5,10,Any,1,0,1,1,1,1,0,4.8,0.9,26500
Sadashivanagar,2,898,Semi-Furnished,4,10,6,Family,1,0,1,0,0,1,0,3.7,6.4,57000
Indiranagar,1,687,Fully Furnished,4,10,15,Family,1,1,1,0,1,1,0,0.5,4.2,42000
Whitefield,1,525,Fully Furnished,0,5,10,Any,0,0,0,0,0,0,0,4.3,0.2,17500
Koramangala,2,883,Semi-Furnished,5,10,6,Any,0,0,1,1,1,1,0,1.0,1.8,58500
Whitefield,2,842,Semi-Furnished,0,3,6,Family,0,0,1,0,0,1,1,5.1,0.9,33000
Bannerghatta Rd,3,1378,Fully Furnished,15,15,10,Any,0,0,1,0,1,0,0,3.5,5.1,30500
Whitefield,2,955,Semi-Furnished,5,7,20,Any,0,1,0,0,0,1,0,4.6,0.9,26000
JP Nagar,3,1477,Unfurnished,5,5,6,Bachelor,1,1,0,0,1,0,0,2.6,6.4,38500
Whitefield,2,1040,Semi-Furnished,3,3,15,Any,0,0,1,0,1,0,0,4.7,1.1,21500
Banashankari,2,927,Unfurnished,2,5,20,Bachelor,0,0,1,1,1,1,0,3.8,6.4,16500
Marathahalli,2,835,Semi-Furnished,3,5,3,Family,0,0,1,0,0,1,0,3.6,0.6,27000
Bannerghatta Rd,3,1770,Semi-Furnished,0,10,15,Family,1,0,0,0,0,0,0,4.2,4.3,25000
JP Nagar,2,1134,Semi-Furnished,1,10,20,Bachelor,0,0,0,0,0,1,0,3.0,5.3,19000
Begur,2,977,Semi-Furnished,1,10,3,Bachelor,0,0,0,0,1,0,0,4.8,3.2,17000
Bannerghatta Rd,2,1132,Unfurnished,4,10,3,Any,0,0,0,0,1,0,0,3.7,4.7,17000
Jayanagar,1,495,Semi-Furnished,2,5,3,Any,0,0,1,0,1,0,0,1.1,5.3,19000
Koramangala,2,875,Fully Furnished,1,10,1,Bachelor,0,0,1,0,1,0,0,1.2,1.3,49500
Indiranagar,1,647,Semi-Furnished,7,7,10,Any,0,1,1,1,1,1,0,0.7,2.9,30500
Koramangala,2,921,Semi-Furnished,17,20,10,Family,1,0,0,1,1,1,1,0.7,2.0,48000
Indiranagar,2,830,Fully Furnished,1,3,3,Family,1,0,0,1,1,1,1,0.9,3.8,63500
Sarjapur Road,2,956,Fully Furnished,4,10,3,Any,1,0,0,0,1,1,0,4.5,0.5,25500
Indiranagar,3,1529,Unfurnished,1,10,6,Family,1,0,1,1,1,1,0,0.2,3.9,66000
BTM Layout,3,1437,Unfurnished,4,5,20,Family,1,0,1,1,0,1,0,1.8,3.4,38000
Electronic City,3,1626,Fully Furnished,4,7,6,Any,0,1,1,1,0,0,0,5.8,0.4,28000
Koramangala,1,383,Fully Furnished,5,5,20,Bachelor,0,1,1,1,1,1,1,1.6,1.9,34000
Electronic City,1,693,Fully Furnished,0,10,6,Any,0,0,1,0,0,0,0,5.6,0.2,14000
HSR Layout,2,916,Fully Furnished,5,7,1,Family,0,0,1,1,1,1,0,2.5,1.6,36500
Indiranagar,2,1069,Semi-Furnished,10,10,3,Family,0,0,1,1,1,0,0,0.9,2.4,61500
Sarjapur Road,2,989,Semi-Furnished,1,7,20,Family,0,1,1,1,1,0,0,3.7,0.2,30500
Whitefield,1,687,Unfurnished,13,15,10,Bachelor,1,0,0,0,0,0,0,4.2,0.6,20000
Hennur,2,1125,Unfurnished,3,3,1,Family,0,0,1,0,0,0,0,4.5,7.0,14500
Bellandur,1,520,Semi-Furnished,4,7,15,Bachelor,0,0,1,1,0,0,0,3.6,1.2,16500
Electronic City,3,1330,Semi-Furnished,2,3,6,Any,0,0,0,0,0,0,1,5.8,0.5,24500
HSR Layout,1,490,Semi-Furnished,9,10,10,Any,0,0,1,1,0,0,0,2.1,1.7,18500
Jayanagar,2,1224,Fully Furnished,7,7,6,Family,0,1,1,1,0,1,0,1.3,4.9,40000
Bellandur,1,567,Unfurnished,20,20,6,Bachelor,1,0,1,1,0,0,1,3.6,0.9,16000
Electronic City,2,982,Semi-Furnished,10,15,6,Bachelor,0,0,1,0,0,1,0,6.0,0.6,17500
Attibele,2,976,Unfurnished,2,7,3,Any,0,0,0,0,0,0,0,7.9,2.4,9500
JP Nagar,3,1435,Semi-Furnished,5,20,10,Any,0,0,0,0,1,1,0,3.1,5.5,34000
BTM Layout,3,1477,Fully Furnished,5,7,15,Family,0,0,0,0,1,1,1,2.1,3.2,41500
Mahadevapura,2,905,Semi-Furnished,0,15,6,Any,0,0,0,0,1,0,0,3.8,1.2,18000
BTM Layout,3,1045,Fully Furnished,3,7,6,Family,0,1,1,0,0,0,0,2.3,1.6,44500
Bannerghatta Rd,3,1204,Unfurnished,6,7,6,Family,0,1,1,0,0,0,0,3.8,4.0,20000
Electronic City,3,1620,Semi-Furnished,2,10,10,Family,0,0,0,0,1,0,0,6.1,0.5,21500
JP Nagar,3,1627,Semi-Furnished,10,15,10,Bachelor,1,0,0,1,1,0,0,3.0,5.3,35500
Bellandur,1,424,Semi-Furnished,9,20,15,Bachelor,0,1,0,0,0,1,1,4.1,1.3,20000
Bellandur,2,941,Fully Furnished,0,3,6,Family,0,0,1,0,1,0,0,3.9,0.7,29000
Indiranagar,1,503,Semi-Furnished,7,10,6,Any,0,0,1,0,1,1,0,0.6,3.2,29500
Bannerghatta Rd,1,373,Fully Furnished,2,20,10,Family,0,0,0,1,1,0,0,3.7,4.5,15500
Marathahalli,3,1401,Unfurnished,3,7,10,Bachelor,0,0,0,0,1,0,0,4.1,1.3,30500
Electronic City,2,1154,Fully Furnished,1,7,6,Family,0,0,0,1,1,0,0,5.8,0.2,18000
BTM Layout,2,1207,Unfurnished,5,7,3,Family,0,0,1,1,0,1,0,2.2,2.8,24500
Hennur,3,1368,Fully Furnished,2,15,10,Bachelor,1,0,0,1,0,0,0,5.1,6.2,28000
JP Nagar,3,1172,Semi-Furnished,6,7,1,Family,1,0,0,1,0,0,1,2.8,5.9,37000
Koramangala,3,1186,Semi-Furnished,0,3,10,Bachelor,0,0,1,1,1,0,0,1.1,3.1,54500
Bannerghatta Rd,1,446,Semi-Furnished,6,7,10,Family,0,0,0,0,1,0,0,4.2,5.0,14000
Indiranagar,1,689,Fully Furnished,4,15,6,Bachelor,1,0,1,1,1,1,0,0.9,3.7,40000
BTM Layout,2,785,Unfurnished,2,3,3,Family,1,0,1,1,1,0,0,2.3,2.2,20000
Begur,1,548,Semi-Furnished,2,5,3,Any,0,1,0,0,0,0,0,5.1,3.6,10500
Begur,1,495,Fully Furnished,7,7,10,Any,0,0,0,0,1,0,0,4.6,3.7,11000
Whitefield,2,1016,Semi-Furnished,9,15,3,Family,0,0,0,1,1,1,0,5.0,0.9,33500
Whitefield,3,1670,Unfurnished,2,7,3,Bachelor,0,0,1,0,0,0,0,4.5,1.0,40500
Banashankari,2,1057,Semi-Furnished,1,3,3,Family,0,0,0,1,0,0,1,3.6,5.3,23500
HSR Layout,2,853,Semi-Furnished,1,5,3,Bachelor,0,0,0,1,0,0,0,2.0,2.5,34500
BTM Layout,2,969,Fully Furnished,6,7,6,Family,0,1,1,0,1,0,0,2.5,2.3,33500
Sarjapur Road,1,502,Fully Furnished,4,5,6,Bachelor,1,0,1,1,1,0,1,3.8,0.3,15500
Bellandur,1,552,Semi-Furnished,3,3,1,Bachelor,0,0,0,1,0,0,1,4.3,1.5,15500
Mahadevapura,3,1485,Fully Furnished,4,7,3,Any,0,0,1,1,0,1,0,3.3,1.4,25500
Mahadevapura,2,795,Semi-Furnished,0,5,10,Bachelor,0,0,0,1,1,1,0,3.1,1.8,18000
Indiranagar,3,1466,Unfurnished,6,10,6,Bachelor,0,0,1,0,1,1,1,0.9,3.6,73500
Yelahanka,1,487,Unfurnished,1,5,10,Bachelor,0,1,0,0,0,0,0,3.5,9.0,10000
Koramangala,3,1382,Semi-Furnished,7,10,3,Any,1,0,1,1,0,1,1,1.8,1.8,65000
Marathahalli,2,815,Unfurnished,2,5,15,Any,0,0,1,1,1,0,0,3.8,0.2,20000
Banashankari,2,838,Fully Furnished,4,10,10,Family,0,1,0,1,1,1,0,3.4,5.9,31500
Hennur,2,791,Fully Furnished,1,15,15,Any,0,1,0,1,1,1,1,4.4,8.0,21000
BTM Layout,3,1321,Unfurnished,4,5,15,Bachelor,1,1,0,1,0,0,0,2.3,2.1,31000
Indiranagar,2,916,Semi-Furnished,10,10,10,Any,1,0,1,1,1,0,1,0.6,3.5,48500
Sadashivanagar,2,1096,Fully Furnished,5,5,10,Any,0,0,1,1,0,1,1,3.7,6.7,70500
Mahadevapura,3,1319,Fully Furnished,0,7,15,Family,0,0,0,0,1,0,0,3.1,1.0,28000
Whitefield,3,1300,Fully Furnished,10,10,10,Any,1,1,0,0,1,1,0,4.1,0.7,60500
Indiranagar,2,987,Semi-Furnished,0,7,15,Family,0,0,0,1,0,1,1,1.0,4.0,43500
Indiranagar,2,885,Fully Furnished,0,3,20,Family,0,0,0,1,1,0,0,0.5,3.7,58500
Sarjapur Road,2,803,Semi-Furnished,0,3,3,Family,0,0,0,1,1,0,0,4.6,1.7,26000
Indiranagar,1,544,Semi-Furnished,14,15,6,Any,0,0,1,1,1,0,0,1.2,3.2,27500
Electronic City,2,912,Unfurnished,1,10,10,Family,0,0,0,1,1,1,0,5.7,1.2,15000
Sarjapur Road,3,1668,Unfurnished,2,3,3,Family,1,1,0,0,1,0,0,4.0,1.3,31000
Indiranagar,3,1495,Semi-Furnished,5,7,20,Any,0,0,1,0,0,1,1,0.5,4.1,77500
Indiranagar,2,890,Unfurnished,6,7,6,Family,1,0,1,1,0,1,1,0.6,3.7,52000
Attibele,2,872,Unfurnished,5,7,3,Family,1,0,0,0,1,0,0,8.0,2.7,10000
BTM Layout,1,613,Fully Furnished,18,20,6,Family,1,0,0,1,1,1,0,2.1,3.1,24500
BTM Layout,3,1557,Unfurnished,7,7,10,Family,0,0,1,0,0,0,0,2.0,2.3,32500
Electronic City,3,1461,Semi-Furnished,3,10,20,Bachelor,0,0,0,0,1,1,1,5.2,1.0,20500
Bannerghatta Rd,2,875,Semi-Furnished,3,10,10,Family,0,1,0,0,0,0,0,3.9,5.1,21500
Attibele,3,1267,Fully Furnished,0,5,3,Any,0,0,0,0,0,0,0,7.9,2.0,22000
Bellandur,2,992,Semi-Furnished,1,5,20,Any,0,0,0,0,1,0,0,4.1,0.9,23000
BTM Layout,2,953,Unfurnished,0,5,6,Family,0,0,0,1,0,0,0,2.2,3.3,24500
Indiranagar,1,584,Semi-Furnished,1,7,6,Family,1,1,1,1,1,1,0,0.7,4.4,36000
Mahadevapura,2,901,Fully Furnished,6,10,6,Bachelor,0,1,0,1,1,1,1,3.3,1.5,26000
Marathahalli,2,1076,Fully Furnished,0,5,6,Bachelor,1,0,1,1,1,0,0,3.5,0.2,27000
JP Nagar,2,922,Semi-Furnished,2,7,6,Family,0,1,0,1,0,0,0,2.9,5.9,25000
Bannerghatta Rd,2,1012,Semi-Furnished,6,7,10,Family,0,1,0,0,1,0,1,3.9,4.9,17000
Indiranagar,3,1062,Fully Furnished,3,10,6,Any,1,0,0,0,0,1,0,0.8,4.1,83500
Yelahanka,1,554,Unfurnished,5,10,3,Family,0,0,1,1,0,1,0,4.0,7.4,10000
Koramangala,2,961,Semi-Furnished,0,3,1,Family,0,0,0,0,0,1,0,1.5,2.0,52500
Banashankari,2,954,Semi-Furnished,15,15,20,Any,0,0,1,0,1,0,0,3.8,5.6,16500
Koramangala,2,1001,Unfurnished,2,3,6,Any,1,0,1,0,1,0,1,0.7,1.5,46000
Indiranagar,2,1105,Semi-Furnished,4,20,10,Family,1,0,1,1,1,0,0,0.8,3.4,52000
Indiranagar,2,1095,Unfurnished,3,7,15,Any,0,1,0,1,1,0,0,0.8,3.5,44000
Whitefield,1,482,Semi-Furnished,13,15,10,Family,1,1,0,1,0,1,1,4.3,0.8,25000
Bellandur,2,862,Fully Furnished,7,10,10,Any,0,1,1,1,0,1,0,4.1,0.7,28000
Whitefield,2,928,Unfurnished,1,3,15,Bachelor,0,1,1,0,0,0,1,5.1,0.2,29000
Begur,1,608,Fully Furnished,3,3,20,Any,1,1,1,1,1,0,1,5.1,4.0,17500
BTM Layout,2,856,Unfurnished,3,3,3,Any,0,1,1,1,1,1,1,2.1,2.4,34000
HSR Layout,2,1061,Semi-Furnished,0,7,10,Any,1,1,1,1,1,0,0,2.9,1.2,32500
Hennur,2,1055,Unfurnished,2,5,1,Any,0,0,0,0,0,0,0,4.5,6.4,12500
Vasanth Nagar,3,1634,Fully Furnished,1,20,3,Bachelor,0,0,1,1,0,0,1,1.6,4.7,95000
Begur,1,376,Fully Furnished,2,10,3,Family,0,0,1,0,0,1,1,5.5,2.9,16000
Koramangala,1,626,Semi-Furnished,5,5,10,Bachelor,1,1,1,1,0,1,0,1.6,1.5,30000
Begur,3,1673,Fully Furnished,2,10,15,Any,0,0,0,1,0,0,0,4.5,3.5,19500
Koramangala,2,1242,Semi-Furnished,4,7,20,Any,0,0,1,1,1,1,0,1.7,2.3,36500
Hennur,2,791,Fully Furnished,1,10,10,Family,1,0,0,0,0,0,0,4.7,7.5,19500
Marathahalli,3,1743,Fully Furnished,3,7,1,Any,0,0,1,0,0,1,0,3.1,0.7,42500
Attibele,3,1315,Fully Furnished,2,3,6,Any,0,0,0,0,1,0,0,7.6,2.3,27000
Indiranagar,3,1142,Semi-Furnished,2,5,6,Any,1,1,1,0,1,0,1,0.2,3.7,108500
Marathahalli,2,814,Unfurnished,1,10,6,Any,0,1,1,1,1,0,0,3.7,1.0,22000
Begur,2,1016,Semi-Furnished,0,5,15,Family,1,1,1,0,0,0,0,5.2,4.0,17500
Marathahalli,2,867,Unfurnished,1,5,1,Family,0,0,1,1,0,0,1,3.5,0.6,23500
Whitefield,1,412,Semi-Furnished,15,15,10,Family,0,0,1,1,0,0,0,4.2,0.2,18000
Sarjapur Road,2,1154,Semi-Furnished,4,5,3,Family,0,0,1,0,1,0,0,4.0,0.9,40000
Banashankari,2,842,Semi-Furnished,1,3,3,Bachelor,0,0,0,1,1,1,1,3.2,5.9,26500
Whitefield,3,1364,Unfurnished,0,7,6,Any,0,0,0,1,0,0,1,4.5,0.6,28500
Whitefield,2,1039,Unfurnished,3,10,6,Any,1,1,1,0,1,1,0,4.8,0.2,28000
Bannerghatta Rd,2,935,Semi-Furnished,8,10,6,Bachelor,0,0,1,1,1,0,0,3.3,4.5,20000
Koramangala,2,682,Fully Furnished,4,7,6,Family,0,0,1,1,0,0,0,1.4,2.5,60500
HSR Layout,1,491,Semi-Furnished,7,10,3,Family,1,0,1,1,1,1,0,2.8,2.4,17000
Begur,1,467,Semi-Furnished,4,5,3,Family,1,0,0,0,1,0,0,4.7,3.0,12500
Hennur,2,911,Fully Furnished,5,7,3,Family,0,0,0,1,1,0,0,4.7,7.5,19500
Banashankari,1,621,Semi-Furnished,3,7,10,Bachelor,1,0,0,0,1,0,0,3.6,6.6,13500
Whitefield,2,1019,Unfurnished,9,20,10,Family,0,0,0,1,1,0,0,5.0,0.7,21000
HSR Layout,3,1513,Semi-Furnished,2,7,1,Family,0,0,1,0,0,1,0,2.9,1.1,53500
Jayanagar,3,1324,Unfurnished,8,10,20,Family,1,1,1,1,1,0,0,1.3,4.5,39500
Banashankari,2,1151,Fully Furnished,3,7,6,Bachelor,0,0,0,1,0,1,0,3.5,6.2,27000
BTM Layout,1,692,Unfurnished,7,7,6,Bachelor,0,0,1,1,1,0,1,2.1,2.4,17500
Whitefield,3,1616,Semi-Furnished,14,20,6,Bachelor,1,0,1,1,1,1,0,4.7,0.3,49000
Indiranagar,3,1333,Unfurnished,3,5,10,Bachelor,0,0,0,1,0,1,1,1.3,3.5,62000
Begur,1,568,Unfurnished,5,5,15,Any,0,0,0,1,0,0,0,5.4,3.7,7500
Attibele,2,772,Fully Furnished,4,5,6,Family,1,0,0,0,0,0,0,7.8,2.5,16500
Sarjapur Road,2,892,Unfurnished,5,7,15,Bachelor,1,0,0,1,1,1,0,4.2,1.3,23000
Marathahalli,3,1192,Unfurnished,1,5,6,Any,0,1,1,1,1,0,0,3.6,0.9,32500
HSR Layout,3,1291,Semi-Furnished,4,15,1,Bachelor,0,1,1,1,1,0,0,2.3,1.6,49500
Electronic City,1,541,Unfurnished,1,7,3,Any,0,0,1,0,0,1,0,5.8,0.4,9000
Sarjapur Road,3,1374,Unfurnished,2,7,6,Family,0,0,0,0,0,0,1,4.1,0.9,36500
Sadashivanagar,2,1112,Fully Furnished,4,7,3,Bachelor,0,0,1,1,1,1,0,3.3,6.0,58000
Bannerghatta Rd,3,986,Fully Furnished,2,7,6,Family,0,0,0,0,0,1,1,4.2,4.7,30500
Electronic City,2,1016,Fully Furnished,2,7,3,Bachelor,0,1,0,0,0,0,0,5.5,0.8,22500
Bannerghatta Rd,3,1188,Fully Furnished,3,5,3,Family,0,0,1,0,0,0,0,3.5,4.7,30500
Bellandur,1,521,Semi-Furnished,2,10,6,Family,0,0,0,0,0,1,0,3.9,1.0,16000
Whitefield,2,910,Unfurnished,0,7,6,Bachelor,1,1,1,0,1,1,0,4.5,0.2,27000
JP Nagar,1,481,Fully Furnished,13,15,3,Bachelor,1,0,0,0,1,1,0,3.0,6.0,16500
Bannerghatta Rd,3,1641,Fully Furnished,1,3,6,Family,0,0,0,0,0,0,1,4.2,3.9,26000
Hennur,3,1456,Fully Furnished,4,5,6,Any,1,0,0,0,0,0,1,4.9,7.5,30500
Koramangala,3,1354,Semi-Furnished,5,7,3,Bachelor,1,1,0,1,1,1,0,1.4,2.8,65000
Koramangala,3,1533,Unfurnished,5,10,6,Family,0,0,1,1,0,0,0,1.0,1.9,58000
BTM Layout,1,693,Fully Furnished,1,15,20,Bachelor,0,0,1,0,1,0,1,1.8,2.2,19000
Electronic City,2,940,Fully Furnished,6,7,15,Any,0,0,0,1,1,0,0,5.5,0.8,23500
Attibele,1,414,Fully Furnished,4,7,15,Bachelor,0,0,1,1,0,0,0,8.2,2.4,11000
Sadashivanagar,1,672,Unfurnished,0,3,10,Family,0,0,1,1,1,0,0,3.3,5.8,23000
Whitefield,1,662,Unfurnished,3,7,3,Family,1,1,0,0,0,1,1,4.5,0.9,19000
JP Nagar,2,1143,Unfurnished,0,3,3,Bachelor,0,0,1,1,0,1,0,2.9,5.9,16500
Begur,2,914,Fully Furnished,6,7,10,Any,0,0,0,0,0,0,0,5.1,3.5,18500
Electronic City,1,661,Unfurnished,3,7,10,Any,0,1,1,1,0,1,0,5.5,0.2,10000
Electronic City,1,520,Unfurnished,0,10,3,Family,0,0,1,1,0,0,0,5.5,0.3,9500
Banashankari,1,557,Fully Furnished,3,3,3,Bachelor,0,0,0,0,1,1,0,3.5,5.6,18000
JP Nagar,3,1259,Unfurnished,3,3,6,Any,0,0,1,1,0,0,0,2.7,4.6,28000
HSR Layout,3,1329,Fully Furnished,5,5,20,Family,0,0,0,1,1,0,0,2.4,0.5,55500
Koramangala,3,1133,Semi-Furnished,3,5,3,Any,1,0,0,0,1,0,0,1.2,1.8,77000
Hennur,2,944,Fully Furnished,2,7,3,Any,0,0,0,0,1,0,0,4.5,6.9,20000
Electronic City,2,918,Semi-Furnished,8,10,6,Family,0,0,0,0,1,0,1,5.1,0.7,20000
Attibele,3,1407,Fully Furnished,3,7,10,Any,0,0,0,1,1,0,0,8.4,2.9,19000
Attibele,2,1056,Fully Furnished,3,5,3,Family,1,0,0,1,0,0,1,7.9,3.7,14500
Marathahalli,2,913,Unfurnished,2,5,6,Any,0,0,1,0,1,0,0,3.2,1.6,24000
Mahadevapura,1,590,Unfurnished,6,7,3,Bachelor,0,0,0,0,1,1,0,2.9,1.3,14000
Bannerghatta Rd,1,667,Unfurnished,10,10,15,Bachelor,1,1,1,1,0,1,1,3.5,4.6,15500
Electronic City,2,1068,Semi-Furnished,4,5,20,Bachelor,0,0,0,1,1,0,0,5.9,0.2,17500
HSR Layout,2,812,Fully Furnished,3,3,3,Any,1,0,1,0,0,0,1,2.7,3.0,44000
Banashankari,2,1085,Semi-Furnished,3,3,3,Family,0,0,0,1,1,0,0,3.6,7.2,23500
Indiranagar,1,585,Semi-Furnished,17,20,15,Bachelor,1,0,0,1,1,1,0,0.6,3.4,28500
Begur,1,514,Unfurnished,3,15,3,Family,1,0,0,1,0,0,0,4.9,4.0,11000
Whitefield,3,1335,Fully Furnished,9,15,15,Family,0,0,1,1,0,0,0,4.9,0.2,42500
Vasanth Nagar,1,488,Fully Furnished,7,7,6,Family,1,0,1,1,0,1,0,1.2,3.5,38000
Sarjapur Road,2,748,Unfurnished,13,15,3,Bachelor,1,0,0,0,0,0,1,3.9,1.1,26500
Whitefield,3,1574,Semi-Furnished,3,10,6,Family,0,0,0,0,1,1,0,4.3,0.8,41500
BTM Layout,1,552,Unfurnished,1,20,1,Family,1,0,0,1,0,0,1,1.9,2.9,18000
Indiranagar,1,514,Semi-Furnished,0,5,3,Family,0,1,1,1,0,0,0,0.7,3.9,30500
Sarjapur Road,2,950,Semi-Furnished,2,3,1,Family,1,0,1,0,1,1,0,3.6,1.4,27000
Marathahalli,2,1027,Unfurnished,0,5,10,Bachelor,0,0,1,0,1,0,0,3.7,1.3,18500
Mahadevapura,2,1025,Semi-Furnished,3,5,1,Any,0,0,1,0,1,0,0,3.2,0.9,20500
Marathahalli,3,1578,Semi-Furnished,3,5,6,Family,0,0,0,1,1,0,1,3.1,0.9,41500
Electronic City,1,550,Semi-Furnished,9,10,6,Any,0,1,0,1,0,1,0,5.7,0.9,13000
Marathahalli,2,1252,Semi-Furnished,8,15,10,Any,0,0,1,0,0,0,0,4.1,1.5,24500
Marathahalli,2,896,Unfurnished,3,5,1,Bachelor,0,0,1,0,1,0,0,3.7,0.9,18000
Hennur,1,505,Fully Furnished,5,15,6,Bachelor,0,0,0,1,0,1,0,4.8,7.7,12000
JP Nagar,2,1036,Fully Furnished,1,7,3,Any,0,0,1,0,0,1,0,3.4,5.0,29000
Indiranagar,2,1009,Semi-Furnished,4,5,15,Family,0,0,1,1,0,1,0,0.5,3.3,53000
Koramangala,2,834,Unfurnished,6,10,20,Bachelor,0,0,0,1,1,1,0,1.3,3.0,34500
Bellandur,1,549,Fully Furnished,1,7,3,Any,0,1,0,0,1,1,0,4.1,0.6,20500
Whitefield,2,1065,Fully Furnished,3,5,3,Bachelor,1,0,1,0,1,1,0,4.2,0.6,44500
Sarjapur Road,2,1151,Unfurnished,8,10,3,Any,0,0,1,0,0,1,1,3.8,1.6,22000
Vasanth Nagar,3,1564,Semi-Furnished,4,10,20,Family,1,0,1,0,1,0,0,0.8,4.5,70500
Indiranagar,1,715,Unfurnished,4,15,1,Any,1,0,1,1,0,1,0,0.3,3.9,25000
Koramangala,2,847,Semi-Furnished,7,10,3,Bachelor,0,0,0,1,1,1,0,1.3,2.5,50500
BTM Layout,2,865,Unfurnished,8,15,15,Family,1,0,0,0,0,1,1,2.4,2.6,22000
Whitefield,2,735,Semi-Furnished,2,3,3,Family,1,0,1,0,0,1,1,4.9,0.6,30500
JP Nagar,2,812,Semi-Furnished,2,15,3,Bachelor,1,0,0,1,1,0,0,3.6,5.5,23000
Banashankari,2,785,Semi-Furnished,5,5,6,Any,0,0,1,0,0,1,0,3.9,5.6,22000
Bannerghatta Rd,3,1410,Semi-Furnished,19,20,20,Bachelor,0,1,0,0,0,1,0,3.5,4.6,23000
BTM Layout,3,1166,Semi-Furnished,9,15,10,Any,0,1,0,1,1,1,0,2.1,2.7,37000
Marathahalli,2,840,Semi-Furnished,2,5,3,Bachelor,0,0,1,1,0,0,0,3.8,0.5,23000
Mahadevapura,2,738,Unfurnished,0,5,3,Family,1,1,0,0,1,0,0,3.0,1.4,21500
JP Nagar,3,1474,Unfurnished,3,3,15,Family,0,0,0,1,0,0,0,3.2,5.4,26000
Whitefield,3,1706,Fully Furnished,3,5,6,Family,1,0,1,0,1,1,0,4.0,0.2,55500
Hennur,3,1446,Unfurnished,10,10,3,Family,0,0,1,1,1,0,0,4.9,6.9,21000
Bannerghatta Rd,2,1134,Fully Furnished,1,10,3,Family,0,0,1,1,0,0,0,3.7,4.1,25000
Sadashivanagar,1,572,Fully Furnished,2,10,1,Any,0,0,1,1,1,1,0,3.8,4.7,43000
Bannerghatta Rd,2,909,Unfurnished,7,20,1,Any,0,1,0,0,1,0,0,4.2,4.3,15500
Yelahanka,2,1055,Semi-Furnished,2,5,15,Family,0,0,1,0,0,0,0,4.4,7.6,22000
HSR Layout,2,869,Semi-Furnished,2,3,20,Family,1,0,0,1,0,1,0,2.6,1.9,33500
Banashankari,2,1139,Fully Furnished,5,5,15,Family,1,0,0,0,0,1,0,2.9,6.0,21500
Attibele,3,1312,Fully Furnished,10,10,15,Bachelor,0,0,0,0,1,0,0,7.7,2.8,20000
Yelahanka,2,920,Fully Furnished,5,7,6,Family,0,0,1,0,1,0,0,3.8,9.4,21000
BTM Layout,3,1414,Unfurnished,10,10,6,Family,0,0,0,0,1,1,0,2.4,2.4,32500
Whitefield,2,738,Semi-Furnished,3,3,10,Any,0,1,1,0,0,0,0,4.5,1.5,28500
HSR Layout,2,1049,Semi-Furnished,5,5,3,Any,0,0,1,1,0,1,0,2.5,2.4,37500
Indiranagar,2,880,Semi-Furnished,4,7,3,Family,1,1,0,1,1,0,0,0.7,3.3,60500
Indiranagar,3,1287,Unfurnished,5,10,3,Bachelor,1,0,1,1,1,1,0,0.5,2.2,58000
Indiranagar,1,632,Unfurnished,9,10,10,Family,0,1,1,0,1,0,1,0.9,2.0,28500
Sadashivanagar,1,485,Fully Furnished,3,5,3,Any,0,1,1,1,1,1,1,3.8,6.8,49000
Indiranagar,3,1169,Semi-Furnished,5,10,3,Bachelor,1,1,0,1,0,1,1,0.7,3.3,98500
Whitefield,1,585,Semi-Furnished,4,7,10,Family,1,1,1,0,1,0,1,4.2,0.3,22000
Jayanagar,2,892,Semi-Furnished,3,7,3,Any,0,0,0,1,0,0,1,1.8,4.6,36000
BTM Layout,2,1046,Fully Furnished,5,7,1,Family,0,0,0,1,1,0,0,2.7,1.3,35500
Hennur,2,964,Fully Furnished,4,7,3,Family,0,0,0,0,0,1,0,4.2,8.1,22000
Yelahanka,2,1246,Unfurnished,6,10,3,Family,0,0,0,1,0,0,1,3.8,7.7,21500
Sarjapur Road,1,572,Unfurnished,8,20,15,Bachelor,0,0,0,1,0,0,1,4.3,1.2,16000
Jayanagar,2,890,Unfurnished,3,5,6,Family,1,1,0,1,1,1,1,1.0,6.3,30500
Jayanagar,2,789,Fully Furnished,1,7,1,Family,0,0,1,1,0,0,0,1.7,5.5,48000
Koramangala,2,951,Semi-Furnished,5,5,15,Family,0,1,1,1,1,0,0,1.4,3.1,41000
Sadashivanagar,1,473,Semi-Furnished,7,10,10,Family,1,0,1,1,0,1,0,3.6,5.6,33000
HSR Layout,2,721,Semi-Furnished,1,5,6,Any,1,1,1,0,1,0,0,2.7,1.6,35000
Jayanagar,1,421,Semi-Furnished,9,10,6,Family,1,0,0,1,1,0,0,1.6,4.2,27500
Indiranagar,2,862,Fully Furnished,0,3,10,Family,1,0,1,0,1,0,0,1.2,4.1,52000
Indiranagar,1,545,Semi-Furnished,0,5,15,Any,1,0,1,1,1,1,0,0.7,3.7,25500
Banashankari,1,631,Unfurnished,3,7,15,Any,0,0,1,0,1,1,1,3.5,5.9,11500
Jayanagar,3,1517,Unfurnished,2,3,1,Any,0,0,0,1,1,1,0,1.5,4.8,46000
BTM Layout,2,1135,Semi-Furnished,1,7,10,Bachelor,1,1,1,0,1,1,0,1.6,2.3,34000
Marathahalli,3,1476,Fully Furnished,2,10,20,Family,0,1,1,1,1,1,0,3.7,1.2,42000
Sarjapur Road,3,1497,Semi-Furnished,1,5,10,Any,0,0,1,0,0,1,1,3.6,1.6,42500
Koramangala,2,840,Fully Furnished,2,3,6,Any,0,1,0,1,0,1,0,1.9,1.9,60500
Mahadevapura,1,592,Fully Furnished,1,5,10,Family,0,0,1,0,0,0,0,3.1,1.3,16000
Whitefield,2,1043,Unfurnished,1,7,3,Any,1,0,1,1,1,0,0,3.8,0.2,31500
Indiranagar,3,1381,Unfurnished,0,3,15,Family,1,0,1,1,1,0,1,1.0,4.0,70500
Hennur,2,941,Unfurnished,3,5,6,Any,1,0,0,0,0,1,0,4.4,7.6,13000
Bannerghatta Rd,1,428,Fully Furnished,1,5,10,Any,0,0,0,1,0,1,0,4.7,4.3,15000
Koramangala,2,944,Unfurnished,3,3,6,Any,0,0,1,1,1,1,0,1.6,3.2,43500
HSR Layout,3,1411,Semi-Furnished,0,5,15,Any,0,1,1,1,1,0,0,2.8,1.0,46000
Electronic City,3,1330,Semi-Furnished,3,3,1,Any,0,0,1,0,1,0,0,5.5,0.6,24000
Bellandur,1,607,Fully Furnished,3,3,3,Family,0,0,0,1,1,0,0,3.8,0.7,19000
Jayanagar,2,1119,Unfurnished,1,7,1,Bachelor,0,0,1,1,1,1,0,1.2,5.3,36000
Jayanagar,1,450,Semi-Furnished,5,7,3,Family,0,0,1,1,0,0,0,1.8,4.7,24000
BTM Layout,1,605,Semi-Furnished,0,3,20,Family,1,0,1,0,1,0,1,2.2,1.8,15500
Yelahanka,3,1716,Semi-Furnished,0,7,1,Any,0,0,0,0,1,0,0,4.0,7.9,25000
Whitefield,1,576,Fully Furnished,1,7,6,Family,1,0,0,1,1,1,0,4.4,0.7,20000
BTM Layout,2,952,Unfurnished,3,10,15,Family,0,1,1,1,1,0,1,2.3,2.4,28500
Banashankari,1,468,Fully Furnished,3,7,6,Bachelor,0,1,1,0,1,0,0,3.4,5.5,16000
Bellandur,3,1170,Semi-Furnished,0,7,1,Any,1,1,1,0,0,0,0,3.9,0.6,36500
Koramangala,3,1330,Semi-Furnished,11,15,15,Family,1,0,1,1,1,0,0,1.2,2.1,72500
HSR Layout,2,1002,Semi-Furnished,4,7,15,Family,1,0,1,0,1,1,0,2.7,1.8,34000
Bellandur,3,1325,Semi-Furnished,0,3,15,Family,0,0,1,0,1,0,0,4.5,0.9,29500
Hennur,1,556,Unfurnished,2,10,3,Any,0,0,0,1,0,0,0,4.5,6.8,12500
Marathahalli,2,791,Semi-Furnished,1,5,3,Family,0,0,1,0,0,1,1,3.2,0.2,29500
Marathahalli,2,1012,Semi-Furnished,0,5,3,Any,0,0,1,1,1,0,1,3.4,0.9,25000
Indiranagar,1,662,Semi-Furnished,1,10,10,Family,0,1,1,1,1,0,0,0.9,3.5,31000
Banashankari,2,953,Semi-Furnished,3,7,20,Family,1,0,0,1,0,1,0,3.2,5.6,23000
Marathahalli,3,1287,Fully Furnished,0,7,6,Any,0,0,0,0,0,1,0,3.3,0.6,45500
HSR Layout,1,502,Semi-Furnished,2,15,1,Family,1,0,1,1,0,0,0,2.4,1.5,26000
HSR Layout,2,1077,Unfurnished,5,15,3,Bachelor,1,0,0,0,1,0,1,3.0,2.8,29500
BTM Layout,1,636,Semi-Furnished,5,7,1,Family,1,0,1,0,1,0,1,1.8,3.0,20000
Koramangala,1,633,Fully Furnished,2,5,20,Bachelor,0,1,0,0,0,0,0,1.1,2.4,29000
BTM Layout,3,1564,Fully Furnished,0,5,1,Bachelor,1,1,0,1,1,1,1,2.1,2.3,55000
Vasanth Nagar,2,982,Semi-Furnished,15,15,15,Family,1,1,1,0,1,1,0,1.1,3.8,65500
BTM Layout,2,866,Fully Furnished,12,15,6,Family,0,1,1,1,1,1,1,1.9,3.2,53000
Indiranagar,3,1407,Unfurnished,12,15,1,Family,0,0,1,1,0,1,0,0.6,4.3,57500
Hennur,1,574,Semi-Furnished,2,7,10,Any,0,1,0,1,0,1,0,4.6,7.1,13500
Whitefield,2,895,Fully Furnished,11,20,10,Any,0,0,1,0,1,1,0,4.5,0.4,36500
Sarjapur Road,2,851,Fully Furnished,1,10,15,Bachelor,0,0,0,0,0,1,1,3.9,1.4,27000
Mahadevapura,2,1107,Semi-Furnished,2,5,6,Bachelor,0,0,1,0,1,0,1,3.4,2.6,18000
Yelahanka,3,1504,Fully Furnished,9,10,10,Family,0,0,0,1,0,0,0,3.6,8.2,26500
Indiranagar,3,1623,Unfurnished,8,10,15,Family,0,0,1,1,1,1,0,0.7,2.7,65500
Marathahalli,2,873,Fully Furnished,14,15,6,Family,1,0,0,1,0,1,1,3.8,0.2,32000
Whitefield,3,1251,Semi-Furnished,1,3,10,Family,1,0,0,1,1,0,1,4.6,0.8,37500
Bellandur,1,571,Unfurnished,3,3,3,Family,1,0,1,0,0,1,0,4.4,1.5,14000
Banashankari,1,604,Unfurnished,2,7,6,Bachelor,0,0,0,1,1,0,0,3.3,6.5,12000
Indiranagar,1,677,Semi-Furnished,0,3,20,Bachelor,1,1,1,0,0,1,0,0.9,3.2,25500
HSR Layout,2,800,Unfurnished,8,10,3,Any,0,0,0,0,0,0,1,2.4,1.7,33000
BTM Layout,2,911,Semi-Furnished,6,7,20,Family,1,0,1,1,1,0,0,1.9,1.2,28500
Whitefield,2,1098,Unfurnished,13,15,6,Bachelor,0,1,0,0,1,1,1,4.2,0.8,35000
Whitefield,3,1335,Unfurnished,3,10,10,Any,1,1,1,1,1,0,0,4.4,1.7,28000
BTM Layout,2,961,Semi-Furnished,4,7,3,Bachelor,0,0,0,0,1,1,1,2.2,2.7,23500
Attibele,2,915,Semi-Furnished,2,3,15,Family,1,0,1,0,0,1,0,8.5,2.3,15500
Whitefield,1,516,Semi-Furnished,4,7,3,Family,1,0,1,1,1,0,0,4.7,0.2,20000
HSR Layout,1,562,Fully Furnished,8,15,10,Family,0,0,0,1,0,1,0,2.7,2.6,16000
Indiranagar,2,1181,Fully Furnished,0,3,6,Family,1,0,1,0,1,1,1,1.3,3.7,59000
Sadashivanagar,2,889,Fully Furnished,4,10,1,Any,1,0,0,1,1,1,0,3.4,6.7,66500
HSR Layout,3,998,Semi-Furnished,5,10,20,Family,1,0,0,1,1,1,0,3.1,2.5,43500
Sadashivanagar,1,696,Fully Furnished,10,10,6,Family,0,0,1,1,1,1,0,3.1,6.3,42500
Jayanagar,1,602,Unfurnished,0,5,15,Any,1,1,1,1,1,1,1,1.5,5.0,20500
HSR Layout,2,1101,Unfurnished,3,7,1,Any,1,1,0,0,0,1,0,2.3,1.0,39500
Jayanagar,1,611,Semi-Furnished,5,5,1,Bachelor,0,0,0,1,1,1,0,1.5,5.6,26000
Hennur,1,629,Fully Furnished,6,7,15,Any,0,0,0,1,1,0,0,4.4,7.4,12000
Indiranagar,2,788,Unfurnished,3,3,3,Family,0,0,0,1,0,1,1,0.4,3.4,54500
Marathahalli,1,681,Unfurnished,0,3,6,Family,0,0,0,1,0,0,0,3.5,0.6,14000
JP Nagar,2,881,Unfurnished,2,20,6,Family,0,1,0,1,0,0,0,2.9,5.6,21500
Attibele,2,962,Fully Furnished,6,15,3,Bachelor,0,0,1,1,1,0,0,7.5,2.7,14500
Indiranagar,1,384,Semi-Furnished,1,7,1,Any,0,0,1,1,0,1,1,0.5,4.0,28500
JP Nagar,2,733,Unfurnished,2,15,10,Family,0,0,0,1,1,0,0,2.5,4.9,19500
Begur,3,1272,Semi-Furnished,0,5,10,Bachelor,0,0,0,0,0,0,0,5.1,3.9,15000
Hennur,2,1089,Semi-Furnished,3,3,20,Family,0,0,0,1,0,0,0,4.3,7.2,16500
Electronic City,3,1362,Semi-Furnished,0,7,1,Bachelor,0,0,1,1,0,0,0,5.6,0.2,22500
HSR Layout,1,534,Unfurnished,9,10,6,Family,1,0,1,1,1,0,0,2.3,2.4,21000
Jayanagar,3,1661,Fully Furnished,6,7,10,Family,0,0,1,1,1,1,0,1.9,5.5,58500
Sarjapur Road,1,815,Semi-Furnished,0,5,20,Any,0,0,1,1,1,0,0,4.5,1.6,12500
Bannerghatta Rd,2,973,Semi-Furnished,1,5,3,Bachelor,0,0,0,1,0,0,0,4.0,5.6,22000
Marathahalli,2,1038,Unfurnished,3,5,3,Bachelor,0,0,1,0,1,0,0,3.2,0.6,21000
Whitefield,3,1715,Semi-Furnished,2,7,1,Family,1,0,1,1,0,1,0,4.9,0.4,43500
HSR Layout,2,1040,Semi-Furnished,5,7,10,Family,1,1,1,0,1,1,0,2.5,1.9,35000
Mahadevapura,1,629,Semi-Furnished,9,15,15,Family,1,1,0,1,0,1,0,3.2,1.1,16500
Jayanagar,1,468,Unfurnished,7,15,6,Any,1,0,0,0,1,1,0,1.9,5.2,22000
BTM Layout,3,1143,Fully Furnished,0,7,1,Any,1,0,1,1,0,1,0,1.8,1.9,46000
JP Nagar,2,830,Unfurnished,7,7,3,Bachelor,0,0,1,1,1,0,0,3.0,5.1,20500
Marathahalli,3,1538,Semi-Furnished,8,15,10,Family,1,0,1,0,0,0,0,3.2,0.7,30500
HSR Layout,1,798,Fully Furnished,12,15,3,Any,0,0,0,1,0,1,1,3.1,1.8,21000
Indiranagar,2,799,Semi-Furnished,3,5,20,Bachelor,0,0,1,1,0,1,0,1.0,3.4,48500
Whitefield,1,464,Fully Furnished,1,5,3,Bachelor,1,0,1,1,0,1,1,4.6,1.0,26500
HSR Layout,3,1371,Semi-Furnished,5,7,3,Family,0,0,0,1,1,1,0,2.7,2.6,46000
Whitefield,2,848,Semi-Furnished,5,7,6,Any,0,0,1,1,1,1,0,4.6,0.2,27000
Sadashivanagar,3,1302,Fully Furnished,0,5,15,Bachelor,0,1,0,1,1,1,0,3.2,5.1,99500
Yelahanka,2,849,Unfurnished,2,3,6,Any,1,0,0,0,1,1,0,4.6,8.3,19000
Marathahalli,2,917,Semi-Furnished,10,15,3,Any,0,0,1,0,1,1,0,3.4,1.7,32500
Koramangala,2,1049,Fully Furnished,3,10,10,Family,0,0,1,1,0,1,1,1.5,2.6,52000
BTM Layout,2,1005,Semi-Furnished,2,10,3,Any,1,1,0,1,0,1,0,2.6,2.8,30000
Indiranagar,3,1131,Semi-Furnished,1,5,15,Any,1,0,1,1,1,1,0,0.7,3.5,55500
Koramangala,3,1342,Semi-Furnished,19,20,15,Family,1,0,1,1,1,1,0,1.6,1.7,58000
Attibele,3,1340,Fully Furnished,9,15,15,Family,0,0,0,1,0,1,0,8.3,1.6,19000
BTM Layout,2,1044,Fully Furnished,6,7,6,Family,0,0,0,1,1,1,1,2.6,2.0,39500
Electronic City,2,1042,Semi-Furnished,3,3,3,Bachelor,0,0,0,1,1,0,0,5.5,0.2,19500
HSR Layout,2,799,Semi-Furnished,4,7,6,Family,1,1,1,1,1,0,0,2.2,1.7,36500
Sarjapur Road,3,1532,Fully Furnished,6,20,10,Bachelor,0,0,0,0,1,0,0,3.8,1.0,38000
Mahadevapura,1,436,Unfurnished,13,20,6,Family,1,1,0,0,0,1,0,3.1,1.5,15000
Whitefield,2,933,Unfurnished,7,10,20,Any,0,0,0,0,0,1,0,4.6,0.2,22000
Yelahanka,2,1040,Fully Furnished,9,10,3,Family,0,0,0,0,0,1,0,4.1,8.0,20000
JP Nagar,2,1100,Fully Furnished,5,5,15,Family,1,0,0,1,1,0,0,3.0,5.6,29000
BTM Layout,3,1772,Fully Furnished,4,7,15,Bachelor,0,0,0,1,0,0,0,2.5,2.8,41500
Bannerghatta Rd,2,984,Semi-Furnished,1,15,3,Bachelor,0,0,1,0,0,1,0,3.8,4.2,20000
Electronic City,2,1035,Unfurnished,6,15,3,Family,0,0,1,0,0,0,0,5.8,0.3,16500
Begur,1,643,Semi-Furnished,1,10,3,Family,0,0,0,1,1,1,0,5.0,3.0,11000
Indiranagar,2,1085,Unfurnished,1,7,6,Family,0,0,1,1,0,1,0,0.7,2.8,47500
Bellandur,2,984,Unfurnished,12,15,15,Any,0,0,1,0,1,0,0,4.6,1.7,21500
Bannerghatta Rd,2,914,Fully Furnished,2,10,20,Any,1,0,0,0,0,1,0,4.5,4.9,15500
Jayanagar,3,1204,Unfurnished,12,15,3,Bachelor,0,0,1,1,0,1,0,2.1,5.4,34500
Koramangala,3,1237,Fully Furnished,14,20,3,Any,0,1,1,1,1,1,0,1.0,1.8,69000
Bellandur,1,391,Semi-Furnished,2,3,20,Any,0,0,0,0,1,0,0,3.3,1.0,14000
Whitefield,2,804,Semi-Furnished,7,15,6,Family,1,0,1,0,1,1,0,4.5,1.6,34500
Electronic City,3,1538,Unfurnished,6,7,3,Any,0,1,0,1,0,0,1,6.0,0.2,20500
Indiranagar,1,586,Semi-Furnished,4,5,1,Any,1,1,1,1,1,1,0,0.6,3.7,39500
Mahadevapura,1,559,Unfurnished,0,10,1,Family,1,0,1,1,1,1,0,3.3,1.7,15000
Jayanagar,1,576,Fully Furnished,6,7,3,Family,1,0,0,0,1,0,0,1.5,4.5,27000
Sadashivanagar,2,1109,Fully Furnished,6,7,1,Family,0,1,1,1,0,0,0,2.9,6.4,75000
Sadashivanagar,1,500,Semi-Furnished,5,7,3,Family,0,1,0,1,0,1,0,3.3,6.5,33000
Electronic City,3,1311,Unfurnished,2,7,10,Any,0,0,0,1,0,1,1,5.6,0.7,21500
Sarjapur Road,2,984,Fully Furnished,4,7,10,Bachelor,0,1,1,0,0,0,1,4.7,1.3,30000
Marathahalli,2,1025,Semi-Furnished,2,7,6,Any,0,0,0,0,0,1,1,2.8,1.6,26500
BTM Layout,1,374,Unfurnished,5,5,20,Any,0,0,0,0,1,1,0,1.5,2.1,12500
Hennur,2,833,Semi-Furnished,5,7,10,Bachelor,0,0,0,0,0,0,0,4.5,7.4,12000
JP Nagar,2,960,Fully Furnished,12,15,10,Any,0,1,0,1,1,1,1,3.0,5.8,36500
Electronic City,3,1375,Unfurnished,2,3,10,Family,0,1,0,0,0,1,0,5.8,0.5,24500
Banashankari,3,1548,Unfurnished,4,5,15,Family,1,0,1,1,1,1,0,3.0,6.0,24000
BTM Layout,2,805,Fully Furnished,2,3,6,Bachelor,0,0,1,1,0,1,0,1.8,2.8,34000
Banashankari,3,1466,Unfurnished,2,5,6,Family,1,1,0,0,0,1,0,3.8,6.1,25000
HSR Layout,3,1668,Unfurnished,1,7,3,Family,1,0,0,0,0,0,0,2.7,2.5,47500
Bellandur,3,1436,Semi-Furnished,1,10,10,Any,1,0,0,0,0,1,1,4.0,1.0,34500
Marathahalli,1,551,Fully Furnished,0,5,3,Any,0,0,0,0,1,1,0,3.4,1.5,19000
HSR Layout,1,622,Semi-Furnished,5,15,20,Family,1,0,1,1,1,1,0,2.0,1.8,24500
Hennur,1,515,Fully Furnished,7,7,6,Any,0,0,0,0,1,0,1,4.0,6.6,15500
JP Nagar,2,748,Semi-Furnished,0,5,10,Any,1,0,1,1,1,0,0,2.9,5.7,25500
Marathahalli,2,902,Unfurnished,2,10,1,Family,0,0,0,1,1,0,0,3.4,0.2,24500
Bannerghatta Rd,2,1095,Fully Furnished,5,7,1,Family,0,0,0,0,1,0,0,3.7,4.4,22000
Whitefield,3,1488,Semi-Furnished,1,7,1,Any,0,0,1,0,1,1,0,4.6,0.8,43500
Indiranagar,3,1426,Unfurnished,5,5,3,Family,0,0,0,1,1,0,0,0.6,3.0,55500
Bannerghatta Rd,3,1778,Semi-Furnished,8,15,20,Family,0,0,0,0,1,1,0,4.4,4.2,26000
Whitefield,2,1065,Semi-Furnished,3,3,1,Bachelor,0,0,0,1,1,1,0,4.8,0.2,37000
BTM Layout,2,1057,Unfurnished,0,3,3,Any,0,0,1,0,0,1,0,2.0,2.7,19000
Indiranagar,2,1038,Unfurnished,3,5,10,Family,0,1,1,0,1,1,0,0.5,3.3,46000
Mahadevapura,1,589,Semi-Furnished,5,7,15,Family,0,0,0,0,0,0,0,3.0,1.6,11500
Whitefield,1,461,Fully Furnished,0,7,15,Family,0,1,0,1,1,1,0,3.8,0.5,16500
Marathahalli,2,990,Semi-Furnished,2,7,15,Any,0,0,0,0,0,1,1,3.6,0.6,24000
Hennur,2,958,Fully Furnished,2,10,10,Family,0,0,1,1,0,0,0,4.3,6.3,17000
Mahadevapura,3,1425,Unfurnished,1,15,10,Bachelor,0,1,0,1,0,1,0,3.5,1.5,25000
Sadashivanagar,1,567,Unfurnished,5,7,3,Any,1,1,1,1,0,1,0,3.5,6.8,37000
BTM Layout,2,933,Unfurnished,1,3,10,Family,0,0,0,0,1,0,0,2.5,2.1,24000
HSR Layout,2,1020,Unfurnished,6,10,6,Any,0,0,1,1,1,1,0,2.9,1.8,31500
Bellandur,2,920,Unfurnished,0,5,6,Any,1,0,1,1,1,1,0,3.6,1.1,28500
Koramangala,2,906,Fully Furnished,2,5,20,Any,1,1,1,0,1,1,0,1.1,1.9,67000
Marathahalli,2,910,Fully Furnished,0,3,15,Family,0,0,1,1,1,0,0,3.5,0.4,25500
Mahadevapura,2,949,Fully Furnished,3,10,6,Bachelor,0,0,1,0,0,1,0,3.2,1.6,21000
Hennur,2,1057,Unfurnished,20,20,6,Any,1,0,0,1,0,0,0,4.4,6.9,15500
BTM Layout,1,461,Fully Furnished,2,7,6,Any,1,1,1,1,0,0,1,2.6,2.6,24500
Electronic City,1,597,Semi-Furnished,0,7,10,Family,0,0,0,1,1,0,0,5.9,0.7,10000
Indiranagar,2,841,Unfurnished,2,3,15,Any,0,0,1,1,1,1,1,0.5,2.9,46500
Electronic City,3,1407,Fully Furnished,0,20,6,Family,0,0,1,0,0,1,0,5.2,0.4,27000
Indiranagar,2,863,Semi-Furnished,0,15,1,Family,1,1,1,1,1,0,0,0.5,4.4,56500
JP Nagar,2,1143,Unfurnished,3,7,10,Bachelor,0,0,1,1,1,0,0,3.5,5.7,18500
Mahadevapura,2,1028,Semi-Furnished,4,5,3,Any,1,0,1,0,1,1,1,2.7,1.7,29500
Sadashivanagar,3,1353,Unfurnished,2,5,20,Bachelor,1,0,1,1,1,1,0,3.7,6.0,71000
Vasanth Nagar,3,1399,Fully Furnished,7,10,3,Bachelor,0,0,0,1,1,1,0,1.0,3.4,108500
Bellandur,2,1064,Semi-Furnished,2,10,1,Any,0,0,0,1,1,0,0,4.3,1.3,26000
Bellandur,2,1292,Fully Furnished,2,3,6,Family,0,1,0,0,1,1,0,4.0,1.6,30000
Whitefield,3,1082,Unfurnished,7,10,10,Bachelor,1,0,0,0,0,0,0,4.7,1.8,31500
Sarjapur Road,2,1098,Semi-Furnished,3,3,3,Family,1,0,1,1,0,0,0,3.8,1.4,28500
Marathahalli,2,1047,Semi-Furnished,4,5,1,Family,1,0,1,0,1,1,0,3.5,1.3,30000
HSR Layout,1,626,Semi-Furnished,3,3,6,Any,0,0,1,0,0,0,0,2.7,1.9,19500
BTM Layout,3,1493,Semi-Furnished,7,7,10,Any,0,0,0,1,0,0,0,2.6,2.4,35000
Jayanagar,3,1426,Fully Furnished,1,3,15,Bachelor,0,0,0,1,1,0,0,1.7,4.9,55500
Bannerghatta Rd,1,506,Fully Furnished,10,20,6,Any,0,0,0,0,1,1,0,3.5,5.4,17500
Whitefield,2,1086,Fully Furnished,8,20,1,Family,0,1,1,0,1,0,0,4.7,0.5,31000
JP Nagar,2,1121,Fully Furnished,1,10,6,Family,0,0,0,1,1,1,1,3.0,6.6,23500
Banashankari,1,509,Fully Furnished,10,20,6,Bachelor,0,0,0,0,1,1,0,3.7,6.1,14500
Bannerghatta Rd,3,1339,Semi-Furnished,1,10,10,Family,0,0,0,0,1,0,0,4.6,4.0,18500
Sadashivanagar,1,549,Fully Furnished,12,15,20,Family,0,0,1,1,1,0,0,3.5,5.1,31500
Whitefield,1,501,Semi-Furnished,5,15,15,Bachelor,0,1,1,0,0,0,0,4.2,0.6,17000
Marathahalli,2,1052,Semi-Furnished,6,7,3,Family,0,1,0,1,0,1,1,4.2,1.4,30000
Whitefield,2,811,Semi-Furnished,7,7,1,Family,0,0,0,1,0,0,0,4.4,0.3,37000
Koramangala,1,518,Semi-Furnished,15,20,6,Bachelor,0,1,1,1,0,1,0,1.3,3.4,31000
Hennur,2,889,Unfurnished,0,10,6,Bachelor,1,0,0,0,0,1,0,4.7,7.0,15500
Bannerghatta Rd,2,859,Fully Furnished,3,5,10,Any,0,0,0,0,1,0,0,3.5,5.0,17000
Marathahalli,1,491,Semi-Furnished,4,7,1,Bachelor,0,0,0,1,0,0,1,4.4,1.1,16000
Sarjapur Road,1,458,Unfurnished,8,10,10,Bachelor,0,0,1,0,0,0,0,3.7,1.1,14000
Bannerghatta Rd,2,878,Semi-Furnished,2,3,6,Any,0,0,1,0,0,1,0,4.3,4.4,16500
Sarjapur Road,2,824,Unfurnished,2,10,15,Any,1,0,0,0,0,1,0,4.3,1.5,18000
Sadashivanagar,3,1528,Unfurnished,0,7,6,Family,0,0,1,0,1,1,1,3.4,6.0,72000
Whitefield,3,1333,Unfurnished,1,5,3,Family,0,0,0,0,1,1,0,4.7,0.2,36000
Whitefield,3,1496,Semi-Furnished,2,7,6,Any,0,0,0,1,0,0,0,4.1,0.4,50000
JP Nagar,2,800,Semi-Furnished,7,7,6,Bachelor,0,0,0,0,0,0,0,3.3,4.3,24000
Bellandur,3,1438,Fully Furnished,5,5,3,Any,1,0,0,1,0,1,0,3.4,0.5,43500
Bannerghatta Rd,2,1069,Fully Furnished,7,10,6,Any,1,0,0,0,0,1,0,3.6,4.0,24000
Bannerghatta Rd,2,978,Semi-Furnished,3,5,10,Bachelor,1,0,0,0,0,0,0,3.8,4.8,20000
Banashankari,1,688,Semi-Furnished,2,3,3,Any,0,0,1,0,0,0,1,3.8,6.7,19000
Indiranagar,1,590,Semi-Furnished,3,3,3,Bachelor,0,0,1,1,1,1,1,0.4,3.3,32000
Attibele,2,819,Fully Furnished,2,5,1,Family,0,0,0,0,1,0,0,7.9,3.1,19500
Electronic City,2,802,Unfurnished,3,5,3,Any,0,0,0,0,0,1,0,5.3,0.2,17500
Indiranagar,1,486,Unfurnished,2,7,1,Family,1,1,1,1,1,1,1,1.1,4.0,34000
Bannerghatta Rd,2,943,Fully Furnished,4,7,15,Any,0,0,0,0,1,1,0,4.5,4.8,19500
Hennur,2,748,Semi-Furnished,3,3,6,Any,0,0,1,1,0,0,0,4.7,7.1,17000
Marathahalli,2,978,Unfurnished,0,5,6,Any,0,0,0,0,0,0,0,3.5,0.9,20500
Whitefield,2,765,Unfurnished,3,7,15,Bachelor,0,1,0,1,1,0,0,4.3,1.0,18500
JP Nagar,3,1403,Fully Furnished,2,3,15,Bachelor,0,1,1,1,1,0,0,3.3,5.3,39500
Koramangala,3,1273,Fully Furnished,5,10,3,Family,1,1,1,1,1,1,0,1.2,2.3,87000
BTM Layout,2,836,Fully Furnished,2,3,6,Family,0,0,1,0,1,1,0,2.2,2.4,42500
Electronic City,2,906,Semi-Furnished,5,10,6,Bachelor,0,0,0,1,1,0,0,5.4,0.2,14500
Koramangala,2,879,Semi-Furnished,3,3,10,Any,0,1,1,0,1,0,1,1.3,1.8,49500
BTM Layout,3,1343,Fully Furnished,2,10,10,Any,1,1,0,1,1,0,1,2.5,2.9,56000
JP Nagar,2,1105,Fully Furnished,9,10,1,Family,0,0,1,1,0,1,0,3.3,6.4,33500
Marathahalli,1,580,Unfurnished,2,7,1,Bachelor,1,0,0,1,1,0,0,3.2,1.1,14000
Bannerghatta Rd,1,414,Fully Furnished,0,10,6,Any,0,0,0,0,0,0,0,4.4,4.0,12000
BTM Layout,2,1024,Unfurnished,2,5,3,Bachelor,0,0,1,1,0,1,1,2.3,1.8,20000
BTM Layout,2,966,Unfurnished,1,7,6,Bachelor,0,0,1,1,1,0,1,2.2,2.7,26500
Bellandur,3,1266,Semi-Furnished,2,3,6,Any,0,0,0,0,0,0,0,3.6,0.8,35000
Banashankari,1,676,Semi-Furnished,1,3,1,Any,0,0,0,0,1,1,0,3.9,6.0,14500
Vasanth Nagar,2,1054,Fully Furnished,5,5,15,Bachelor,1,0,1,0,0,0,0,1.7,5.3,49500
Banashankari,3,1285,Unfurnished,15,15,10,Any,1,0,0,0,0,1,0,3.8,5.5,19000
Sadashivanagar,3,1304,Semi-Furnished,1,7,3,Family,1,0,0,1,0,0,0,3.2,6.1,105000
Jayanagar,2,858,Fully Furnished,0,7,6,Any,1,0,1,1,1,0,0,1.6,4.4,40500
Yelahanka,2,1016,Fully Furnished,3,5,6,Family,1,0,0,1,1,1,0,3.9,7.8,23500
JP Nagar,2,1004,Unfurnished,3,5,15,Family,1,0,0,0,1,0,0,2.7,4.9,20000
Bannerghatta Rd,3,1198,Semi-Furnished,3,5,20,Any,0,0,0,0,0,1,0,4.0,4.0,20500
BTM Layout,1,489,Semi-Furnished,12,15,10,Family,0,0,0,1,0,1,0,2.2,2.8,14000
Whitefield,3,1389,Unfurnished,7,7,15,Any,0,0,1,1,1,1,0,4.2,0.2,41000
Whitefield,2,892,Fully Furnished,7,7,10,Any,1,0,1,1,1,1,1,4.2,0.6,39000
Koramangala,2,1046,Fully Furnished,11,15,3,Any,0,0,1,1,1,1,0,1.4,3.1,46500
Sarjapur Road,1,458,Unfurnished,6,10,6,Any,0,1,0,1,1,1,0,4.4,2.0,17000
Jayanagar,2,811,Unfurnished,4,7,6,Family,1,0,1,1,0,1,0,1.7,5.7,35000
Begur,2,1037,Unfurnished,0,7,15,Any,1,0,0,0,1,0,0,5.1,3.9,11500
Sadashivanagar,1,512,Fully Furnished,0,3,10,Family,1,1,1,1,0,1,0,3.4,6.6,41000
JP Nagar,2,1015,Unfurnished,1,5,20,Bachelor,1,0,1,1,0,0,0,3.3,6.1,21000
Indiranagar,3,1346,Semi-Furnished,3,3,1,Any,1,0,0,1,1,1,0,1.2,3.7,79500
Attibele,2,986,Semi-Furnished,10,20,10,Family,0,0,0,0,0,0,0,8.1,2.5,11500
Marathahalli,2,1025,Semi-Furnished,5,7,15,Bachelor,0,1,1,1,1,1,0,3.9,0.7,30500
Whitefield,1,507,Unfurnished,0,7,6,Bachelor,1,1,0,1,1,1,0,4.3,1.1,20000
Koramangala,2,912,Unfurnished,3,3,10,Bachelor,0,0,0,1,0,0,0,1.4,1.6,34000
Bellandur,1,598,Fully Furnished,1,5,3,Any,0,0,0,1,0,1,0,3.8,1.7,22000
Jayanagar,2,1042,Fully Furnished,3,5,3,Family,0,1,0,0,1,0,0,1.5,5.3,43000
Hennur,3,1487,Fully Furnished,0,7,1,Bachelor,0,0,0,1,0,0,0,4.6,7.5,22000
Jayanagar,2,1121,Unfurnished,3,5,6,Any,0,0,1,0,1,0,1,1.6,5.1,26500
Jayanagar,1,610,Semi-Furnished,5,10,3,Bachelor,1,0,1,0,1,0,1,1.4,4.2,23000
Koramangala,2,819,Semi-Furnished,4,5,15,Family,0,0,0,1,1,0,0,1.7,1.7,47000
Yelahanka,2,866,Unfurnished,3,7,15,Bachelor,1,1,0,0,0,0,0,4.3,7.5,17000
Marathahalli,2,911,Fully Furnished,9,20,6,Family,1,1,1,1,1,0,0,3.8,0.6,35500
Koramangala,3,1272,Semi-Furnished,2,15,6,Family,1,0,0,1,1,0,0,1.1,2.6,69500
Mahadevapura,3,1560,Unfurnished,0,7,15,Any,0,1,0,1,0,0,0,2.6,0.5,22000
Banashankari,2,1279,Fully Furnished,2,7,20,Bachelor,0,0,1,0,0,0,0,3.4,6.2,27000
Marathahalli,2,958,Fully Furnished,7,7,20,Any,1,0,1,0,1,1,0,3.3,0.7,38500
Banashankari,2,948,Unfurnished,1,7,3,Any,0,0,0,1,0,0,0,3.7,6.2,14000
JP Nagar,1,523,Semi-Furnished,5,7,6,Any,0,1,0,1,1,1,0,3.0,5.7,19500
Marathahalli,2,941,Semi-Furnished,5,7,6,Family,0,0,0,0,1,1,0,3.5,1.4,29000
Sadashivanagar,2,956,Semi-Furnished,7,7,20,Bachelor,0,0,1,1,1,1,0,3.7,6.2,58500
Jayanagar,2,1027,Unfurnished,2,3,3,Family,0,0,1,0,1,0,0,1.4,5.8,25500
Hennur,2,1089,Semi-Furnished,0,10,6,Any,0,1,0,1,0,1,0,4.6,7.7,18500
Bannerghatta Rd,1,549,Fully Furnished,2,7,3,Family,0,0,0,0,1,0,0,3.9,4.5,14000
BTM Layout,2,1157,Semi-Furnished,3,3,20,Family,0,0,0,1,1,1,0,2.5,3.3,26500
HSR Layout,1,577,Unfurnished,2,5,10,Bachelor,0,0,1,1,1,0,1,2.6,0.9,18500
Whitefield,1,646,Semi-Furnished,6,7,6,Family,1,0,1,0,1,1,0,4.8,1.0,21500
JP Nagar,3,1754,Semi-Furnished,0,7,6,Family,0,0,1,1,1,0,0,3.2,5.3,30500
Koramangala,1,602,Fully Furnished,7,7,6,Bachelor,1,0,0,1,0,1,0,1.6,2.4,33000
Sadashivanagar,2,750,Semi-Furnished,15,15,6,Family,1,0,1,0,1,1,1,3.7,7.1,69000
Bellandur,1,512,Unfurnished,13,15,15,Family,0,0,1,1,0,0,1,4.1,1.1,18000
Sarjapur Road,3,1533,Unfurnished,0,10,3,Family,1,1,1,1,1,0,0,3.6,1.8,39000
Koramangala,2,1099,Fully Furnished,13,20,10,Any,0,0,0,0,1,1,0,1.6,1.9,50500
Vasanth Nagar,1,517,Unfurnished,1,3,20,Bachelor,0,1,0,1,0,1,1,1.0,3.7,25000
HSR Layout,2,934,Fully Furnished,1,5,10,Bachelor,1,0,1,1,1,0,0,2.8,2.5,38500
Sarjapur Road,2,984,Unfurnished,2,7,3,Bachelor,0,0,0,0,1,1,0,4.3,0.2,21000
Koramangala,3,1576,Semi-Furnished,9,15,6,Family,0,1,1,1,1,1,0,1.3,2.4,83000
Indiranagar,1,577,Semi-Furnished,1,3,6,Any,0,0,1,1,1,1,0,0.8,4.1,31500
Mahadevapura,3,1489,Fully Furnished,6,7,10,Family,1,1,1,0,0,1,0,3.0,1.0,40500
Jayanagar,3,971,Fully Furnished,20,20,10,Any,0,0,0,0,0,0,0,1.3,5.0,56000
Sarjapur Road,3,1434,Unfurnished,3,7,6,Any,1,0,1,1,0,1,0,3.4,1.2,39000
HSR Layout,2,1016,Semi-Furnished,9,10,6,Any,0,0,1,1,1,1,0,2.1,2.0,38000
Indiranagar,2,976,Unfurnished,6,10,20,Family,1,1,1,1,1,0,0,0.7,3.6,37500
HSR Layout,2,964,Semi-Furnished,4,7,15,Family,0,1,0,1,0,0,0,2.8,1.5,29500
Bellandur,3,1225,Semi-Furnished,2,3,15,Any,0,0,1,1,0,0,0,4.0,2.2,28500
Electronic City,2,749,Fully Furnished,2,7,10,Family,0,0,1,0,1,0,0,5.0,0.2,17000
Electronic City,2,901,Fully Furnished,4,7,10,Any,0,0,0,0,0,1,0,5.4,0.9,20500
JP Nagar,2,1105,Semi-Furnished,6,20,20,Any,1,0,1,0,0,1,0,3.1,5.7,19000
Sarjapur Road,2,1140,Semi-Furnished,3,5,3,Any,0,1,0,0,1,0,0,3.4,1.0,29000
Jayanagar,3,1307,Fully Furnished,2,3,15,Family,1,0,0,1,1,1,0,1.6,5.2,58000
HSR Layout,1,622,Fully Furnished,0,10,3,Any,0,0,1,0,1,0,0,2.8,2.5,19500
Hennur,3,1309,Unfurnished,10,10,6,Any,0,0,1,0,0,0,0,4.7,7.0,17500
Koramangala,2,836,Semi-Furnished,6,10,20,Any,1,1,0,0,0,0,1,1.3,2.3,50000
Indiranagar,3,1514,Semi-Furnished,1,3,10,Family,0,0,1,1,0,1,0,0.2,3.3,77000
Jayanagar,2,1191,Unfurnished,0,5,10,Family,1,0,1,1,0,1,0,1.3,4.7,30000
Koramangala,2,1095,Unfurnished,9,10,10,Family,1,1,1,0,0,1,0,1.0,2.2,44000
Jayanagar,3,1355,Unfurnished,3,5,10,Family,0,0,1,0,0,1,0,1.6,5.0,30500
Whitefield,2,1135,Semi-Furnished,6,7,15,Bachelor,1,0,0,0,0,0,0,4.7,0.8,27500
JP Nagar,3,1278,Unfurnished,0,10,20,Any,0,0,1,1,0,0,0,2.7,5.9,24500
Hennur,2,975,Unfurnished,2,3,15,Family,0,0,1,0,1,0,1,4.7,6.5,15500
Electronic City,2,896,Unfurnished,15,15,3,Any,0,0,0,1,0,0,0,5.0,0.2,16000
BTM Layout,2,1071,Fully Furnished,7,7,3,Family,1,0,0,1,0,0,0,2.5,2.9,38000
HSR Layout,2,978,Fully Furnished,0,3,15,Family,0,1,0,0,1,0,0,2.6,1.4,29500
BTM Layout,2,967,Semi-Furnished,0,3,3,Family,0,0,0,1,1,1,1,2.2,2.1,31000
Whitefield,1,581,Semi-Furnished,2,7,15,Family,0,0,0,1,0,1,0,4.2,0.2,17000
HSR Layout,2,822,Fully Furnished,5,5,3,Any,0,1,1,1,1,1,0,2.3,2.2,47000
Whitefield,1,515,Unfurnished,0,7,3,Family,0,0,0,1,0,0,0,4.4,1.2,17000
JP Nagar,3,1290,Unfurnished,7,10,20,Bachelor,0,0,0,1,1,0,1,2.5,4.7,27500
Marathahalli,3,1554,Unfurnished,2,5,20,Bachelor,1,0,0,1,1,0,0,4.2,0.9,22500
Banashankari,2,968,Unfurnished,0,5,10,Any,0,1,1,1,1,1,0,3.5,5.3,19000
HSR Layout,2,850,Semi-Furnished,3,15,20,Family,0,0,0,1,0,1,1,2.5,1.6,33000
Bannerghatta Rd,2,787,Fully Furnished,4,7,1,Family,0,0,0,0,0,0,1,3.8,4.3,26500
Mahadevapura,2,862,Semi-Furnished,2,7,20,Family,0,0,0,1,0,1,1,3.3,1.2,17000
Sadashivanagar,3,1265,Semi-Furnished,0,7,6,Bachelor,1,0,1,1,1,1,0,3.2,5.7,93000
Hennur,3,1185,Fully Furnished,3,5,15,Family,0,1,1,1,1,0,0,4.5,7.4,30500
Yelahanka,2,669,Unfurnished,7,7,10,Any,0,0,0,1,1,0,0,3.9,7.6,14000
Hennur,3,1256,Unfurnished,3,3,15,Bachelor,1,1,0,0,0,0,0,4.3,6.7,19500
Mahadevapura,2,962,Semi-Furnished,4,10,6,Bachelor,1,1,1,0,1,1,0,3.3,1.1,27000
JP Nagar,3,1488,Semi-Furnished,3,3,6,Bachelor,1,0,1,1,0,1,0,3.0,4.8,31000
Koramangala,1,601,Unfurnished,12,15,3,Family,1,1,0,0,1,0,0,1.5,1.7,26500
HSR Layout,2,1108,Semi-Furnished,5,5,1,Bachelor,1,0,0,0,1,0,0,2.1,2.5,38500
Marathahalli,2,757,Semi-Furnished,3,5,20,Any,0,0,0,1,1,1,0,3.5,0.8,29000
Whitefield,2,981,Semi-Furnished,6,7,15,Any,1,0,1,1,1,0,0,4.4,0.2,35500
HSR Layout,1,544,Semi-Furnished,3,5,10,Any,0,0,0,1,1,1,1,2.6,1.6,23000
Indiranagar,3,1662,Semi-Furnished,3,5,10,Any,1,0,1,0,0,0,1,0.7,2.7,75500
Electronic City,1,551,Unfurnished,6,15,20,Family,0,0,0,0,0,0,0,5.3,0.2,10500
Attibele,2,999,Semi-Furnished,1,7,3,Family,0,0,0,1,0,0,0,7.9,2.5,10000
Marathahalli,1,539,Unfurnished,10,10,15,Family,1,0,0,1,1,1,0,3.3,0.2,19500
Jayanagar,2,797,Fully Furnished,4,5,1,Family,0,0,1,1,1,0,0,1.9,5.3,48500
HSR Layout,2,968,Semi-Furnished,2,7,6,Family,0,1,0,0,1,0,0,2.3,1.7,40000
Koramangala,2,994,Semi-Furnished,8,10,15,Bachelor,0,1,1,1,1,1,1,1.0,1.8,51500
Bannerghatta Rd,1,516,Fully Furnished,2,10,6,Any,0,0,0,1,0,0,1,4.4,3.7,18500
Indiranagar,1,479,Semi-Furnished,11,20,15,Any,1,1,1,1,1,0,1,1.0,3.5,33500
Whitefield,2,906,Semi-Furnished,3,7,6,Any,0,0,1,1,0,1,0,4.5,0.4,32500
HSR Layout,3,1507,Fully Furnished,2,3,15,Any,0,0,0,1,0,0,0,2.5,0.8,43500
Marathahalli,3,1502,Fully Furnished,4,15,15,Family,1,0,0,1,1,0,0,4.5,0.6,40000
Sarjapur Road,1,557,Semi-Furnished,6,20,6,Family,0,0,1,0,1,1,0,4.2,1.2,22500
Electronic City,2,930,Unfurnished,1,5,15,Any,1,0,1,1,0,0,0,5.4,0.2,15000
Jayanagar,1,693,Semi-Furnished,4,10,6,Family,0,1,1,0,1,1,0,1.2,4.6,23500
Koramangala,1,786,Fully Furnished,1,5,15,Family,1,0,1,1,0,0,0,1.2,1.8,27500
Indiranagar,2,917,Unfurnished,18,20,3,Family,0,1,1,0,0,0,1,0.6,4.1,57500
Bannerghatta Rd,2,1232,Unfurnished,7,10,10,Family,1,0,0,1,1,1,0,4.5,4.6,18500
Hennur,1,628,Fully Furnished,0,3,1,Bachelor,0,0,0,1,1,0,0,4.5,7.6,13000
Whitefield,1,590,Unfurnished,7,10,6,Bachelor,0,0,0,1,0,0,0,4.4,0.6,14000
Whitefield,1,571,Fully Furnished,4,5,1,Bachelor,1,1,0,1,1,0,0,4.4,0.7,23000
Sarjapur Road,3,1488,Semi-Furnished,18,20,15,Any,0,0,0,0,0,1,0,4.2,2.0,40500
Jayanagar,3,1310,Semi-Furnished,3,5,6,Family,1,0,1,1,1,1,0,1.2,5.7,46500
Bannerghatta Rd,1,612,Unfurnished,2,7,1,Family,0,0,1,1,0,0,0,3.9,5.2,10500
JP Nagar,1,453,Fully Furnished,12,20,20,Family,0,0,0,0,1,0,0,3.1,5.3,15500
JP Nagar,3,1416,Semi-Furnished,7,7,6,Family,0,1,1,1,1,1,0,3.3,5.3,40500
Marathahalli,3,1431,Semi-Furnished,5,5,10,Any,0,0,1,0,0,1,1,3.4,0.2,33000
Koramangala,2,1051,Semi-Furnished,12,15,10,Any,0,0,0,0,1,1,1,1.2,1.3,46500
Sadashivanagar,1,591,Fully Furnished,5,15,6,Any,1,0,1,1,1,1,1,3.3,4.9,36000
Bellandur,1,653,Fully Furnished,15,15,20,Family,0,1,0,1,1,0,0,3.9,0.9,22500
Indiranagar,2,933,Semi-Furnished,1,5,6,Bachelor,0,1,0,1,1,1,1,0.8,2.9,61500
Whitefield,2,801,Semi-Furnished,4,7,6,Bachelor,0,0,0,1,1,1,0,3.8,0.5,31000
HSR Layout,1,463,Fully Furnished,0,5,1,Bachelor,0,0,0,1,0,1,1,2.5,1.3,24500
JP Nagar,2,868,Semi-Furnished,2,5,10,Bachelor,1,0,0,0,0,0,0,2.9,5.5,21000
HSR Layout,1,515,Unfurnished,2,3,6,Bachelor,0,0,0,1,1,1,0,2.4,2.1,18000
BTM Layout,3,1357,Unfurnished,3,5,3,Bachelor,0,0,1,0,0,1,0,2.3,2.7,33500
Bellandur,2,1001,Fully Furnished,6,7,1,Any,0,0,1,0,1,1,0,4.0,0.5,31000
HSR Layout,1,660,Semi-Furnished,2,5,10,Family,1,0,0,1,0,0,0,2.5,1.9,19000
Marathahalli,2,995,Semi-Furnished,9,10,10,Any,0,0,1,0,0,0,0,3.3,0.4,27000
Yelahanka,2,1149,Semi-Furnished,1,7,6,Family,0,0,1,1,0,0,0,3.7,7.2,20000
Sarjapur Road,3,1428,Unfurnished,9,10,3,Family,0,0,1,0,0,1,1,4.1,1.5,34500
Bannerghatta Rd,2,889,Semi-Furnished,1,7,15,Any,1,0,0,1,0,0,0,4.0,3.5,17500
Bellandur,2,829,Unfurnished,1,3,6,Any,1,0,0,0,1,1,0,3.9,0.3,21500
Vasanth Nagar,2,1118,Semi-Furnished,1,5,15,Family,1,0,0,1,0,0,1,1.3,4.6,51000
Koramangala,2,915,Semi-Furnished,11,20,1,Bachelor,1,1,0,1,1,0,0,1.4,2.9,66500
HSR Layout,3,1224,Semi-Furnished,0,3,3,Family,0,0,0,1,1,0,0,2.8,1.7,42500
Whitefield,2,1055,Fully Furnished,3,7,3,Bachelor,0,0,1,1,0,0,0,4.3,1.0,29500
Koramangala,2,827,Fully Furnished,6,10,15,Any,1,0,1,1,1,1,1,1.2,1.8,61000
Yelahanka,1,578,Fully Furnished,0,7,3,Any,0,0,0,0,0,0,1,4.5,8.5,15500
Whitefield,2,1094,Unfurnished,5,7,10,Bachelor,0,0,1,1,1,1,0,4.5,0.2,27500
BTM Layout,3,1294,Unfurnished,6,10,6,Family,1,0,1,1,1,1,1,2.7,2.3,44000
Mahadevapura,3,1446,Semi-Furnished,4,5,6,Bachelor,0,0,1,1,0,1,1,3.3,2.4,38500
Indiranagar,1,586,Fully Furnished,3,7,10,Family,0,0,1,1,1,1,0,1.2,3.9,27000
Indiranagar,1,686,Fully Furnished,3,3,10,Any,0,0,0,1,1,1,0,0.6,2.9,41000
Bellandur,3,1261,Fully Furnished,5,7,1,Any,0,0,1,1,1,1,0,4.2,1.2,40000
Yelahanka,3,1844,Semi-Furnished,8,15,10,Bachelor,0,0,0,1,0,1,0,4.0,7.2,28500
Sarjapur Road,1,413,Semi-Furnished,1,5,10,Family,0,1,1,1,0,0,1,4.0,1.2,22000
Banashankari,2,850,Semi-Furnished,2,20,3,Family,1,0,1,1,1,0,1,3.1,5.5,22500
HSR Layout,2,876,Unfurnished,4,5,20,Family,1,1,0,1,0,1,0,2.6,2.7,30000
Electronic City,3,1275,Unfurnished,15,15,10,Any,0,0,1,0,0,0,0,5.1,1.1,19500
Mahadevapura,1,648,Fully Furnished,6,7,10,Bachelor,0,1,0,1,0,1,0,3.3,1.5,16000
Sarjapur Road,1,530,Unfurnished,10,10,1,Family,0,1,1,1,0,0,0,3.6,0.7,18500
HSR Layout,3,2103,Unfurnished,0,5,20,Bachelor,0,0,0,0,1,0,0,2.6,1.0,42000
Whitefield,1,625,Unfurnished,2,3,3,Any,1,1,0,1,0,0,1,4.2,0.8,22500
BTM Layout,2,1176,Fully Furnished,7,7,15,Family,0,0,1,1,1,1,1,2.2,2.1,28500
Indiranagar,2,687,Semi-Furnished,3,7,10,Any,1,1,1,0,1,0,0,0.8,3.6,59500
Bannerghatta Rd,2,1058,Semi-Furnished,1,5,1,Any,0,0,0,0,0,0,0,3.7,4.6,19500
Indiranagar,2,1058,Fully Furnished,0,3,10,Any,1,0,1,1,0,1,0,0.9,3.7,48000
Begur,2,982,Semi-Furnished,1,5,3,Family,1,1,1,1,1,0,0,5.1,3.0,17000
Banashankari,1,605,Semi-Furnished,2,3,10,Family,0,0,0,1,1,0,0,3.8,5.5,16000
Jayanagar,2,913,Unfurnished,5,15,3,Family,0,0,1,1,0,1,0,1.1,5.5,39000
Marathahalli,3,1688,Unfurnished,0,3,20,Family,0,1,1,1,0,0,0,3.5,0.7,26500
Hennur,3,1257,Fully Furnished,3,5,10,Family,0,0,0,0,0,0,0,4.0,6.8,24000
Bellandur,1,579,Fully Furnished,0,3,3,Bachelor,0,0,0,1,0,0,0,4.0,1.8,16000
Electronic City,1,427,Semi-Furnished,4,7,15,Bachelor,0,0,0,1,1,0,0,6.0,0.2,13000
Sarjapur Road,2,995,Semi-Furnished,4,7,10,Any,1,1,1,0,1,0,1,4.1,1.2,30500
Sarjapur Road,2,923,Semi-Furnished,4,7,10,Family,0,0,1,1,1,0,0,4.2,0.6,22500
Electronic City,2,1127,Unfurnished,8,10,15,Bachelor,0,0,0,0,0,1,0,5.8,0.2,11500
HSR Layout,2,795,Unfurnished,0,15,10,Any,0,0,1,1,0,1,0,2.7,1.6,29500
Yelahanka,1,702,Unfurnished,3,3,15,Any,0,1,1,0,0,1,0,3.9,7.7,11000
Vasanth Nagar,1,472,Unfurnished,5,5,20,Any,1,0,1,1,0,1,0,1.2,4.7,26500
Attibele,2,814,Fully Furnished,3,5,6,Any,1,0,1,1,0,0,0,8.5,1.8,16000
Bannerghatta Rd,2,888,Unfurnished,6,7,3,Any,0,1,0,0,0,0,0,3.9,4.1,20000
Koramangala,1,464,Unfurnished,9,10,10,Family,0,0,1,1,0,1,1,1.4,2.6,29500
Sarjapur Road,2,968,Semi-Furnished,4,5,15,Bachelor,0,0,1,0,0,0,0,3.7,1.4,23000
Bannerghatta Rd,2,1022,Fully Furnished,6,7,1,Family,0,0,0,0,1,0,0,4.0,4.8,18500
Jayanagar,3,1376,Unfurnished,1,3,15,Family,1,0,1,1,1,1,0,1.2,4.2,47000
Marathahalli,3,1437,Unfurnished,0,7,10,Family,0,0,1,0,1,0,1,3.6,1.0,30500
Bannerghatta Rd,2,908,Semi-Furnished,1,5,1,Family,0,0,1,1,0,0,0,4.2,4.2,19500
Koramangala,1,435,Fully Furnished,1,7,15,Family,1,0,1,1,1,1,1,1.4,3.0,35500
Sarjapur Road,2,871,Semi-Furnished,1,7,15,Family,1,1,1,1,0,0,0,4.1,0.6,25500
HSR Layout,1,405,Fully Furnished,3,7,6,Family,1,0,0,0,0,0,0,2.7,1.6,26500
Bannerghatta Rd,2,967,Fully Furnished,4,10,3,Any,0,1,1,0,0,0,0,4.3,3.7,22000
Begur,3,1494,Fully Furnished,4,5,6,Family,0,0,0,1,0,0,0,4.7,3.8,23000
Bannerghatta Rd,2,934,Semi-Furnished,7,15,10,Any,0,0,1,0,0,0,0,3.9,5.2,13000
Yelahanka,3,1538,Semi-Furnished,2,10,10,Family,1,0,0,1,0,0,0,3.7,7.7,27000
Hennur,2,1191,Unfurnished,4,10,10,Any,0,0,0,0,1,0,1,4.4,6.4,15500
Electronic City,1,362,Fully Furnished,1,10,6,Any,0,0,0,0,0,0,0,5.4,1.0,11000
BTM Layout,2,1199,Semi-Furnished,1,5,3,Any,1,1,1,0,1,1,1,1.9,2.6,33000
Electronic City,2,1131,Unfurnished,10,10,10,Any,1,1,0,0,0,0,0,5.8,0.4,17500
Koramangala,2,903,Semi-Furnished,10,10,6,Family,0,0,0,1,0,1,0,1.1,2.7,47500
Whitefield,2,895,Unfurnished,5,5,15,Any,0,0,1,1,1,0,0,4.2,0.5,21500
HSR Layout,1,489,Semi-Furnished,5,5,10,Any,1,0,1,1,1,0,0,2.5,2.0,18500
Indiranagar,3,1426,Semi-Furnished,0,3,10,Any,1,0,1,1,1,0,0,0.9,3.3,79500
Indiranagar,1,667,Semi-Furnished,6,10,10,Any,1,0,1,0,1,1,1,0.9,3.0,28500
Sarjapur Road,3,977,Fully Furnished,6,10,1,Family,0,0,1,0,1,0,0,4.0,1.6,46500
BTM Layout,3,1345,Unfurnished,14,15,6,Any,1,1,0,1,1,0,1,2.1,2.4,41500
Bellandur,3,1209,Semi-Furnished,0,5,3,Family,1,0,0,1,1,0,0,3.9,0.8,39000
Koramangala,2,795,Semi-Furnished,11,20,6,Bachelor,0,1,1,1,1,1,0,1.1,2.1,58000
BTM Layout,2,902,Semi-Furnished,14,15,6,Family,1,0,0,0,1,1,0,1.8,1.7,27000
Marathahalli,3,1337,Fully Furnished,9,10,10,Any,0,1,1,1,0,1,1,3.0,1.3,30500
Mahadevapura,2,835,Semi-Furnished,6,7,10,Family,1,1,1,0,0,0,0,3.3,2.1,23000
BTM Layout,2,1174,Semi-Furnished,10,10,6,Family,0,1,0,1,0,0,1,2.5,2.6,22000
Whitefield,2,962,Unfurnished,10,20,15,Bachelor,1,0,1,1,0,0,0,4.6,0.4,22000
Hennur,2,1161,Fully Furnished,3,5,6,Any,0,0,0,0,1,1,0,4.6,7.3,20000
Whitefield,2,1071,Semi-Furnished,0,3,6,Bachelor,0,0,1,0,1,1,0,4.5,0.7,26000
HSR Layout,2,1140,Fully Furnished,8,15,1,Family,0,0,0,1,1,0,0,2.2,2.4,46000
Koramangala,2,878,Unfurnished,2,5,6,Family,0,0,1,1,1,1,1,0.8,2.9,38500
Hennur,3,1438,Unfurnished,4,7,20,Any,0,0,0,0,0,0,0,4.3,6.8,20000
Koramangala,1,484,Semi-Furnished,2,20,3,Any,0,1,0,1,1,1,0,1.2,2.3,30500
Hennur,3,1363,Fully Furnished,3,5,20,Any,0,0,0,0,1,1,0,4.8,6.8,24000
Marathahalli,2,1142,Semi-Furnished,0,10,3,Bachelor,1,0,0,1,0,1,0,3.6,0.2,27500
Bannerghatta Rd,3,1245,Fully Furnished,4,7,10,Any,0,1,0,0,0,0,1,3.8,5.0,30500
Mahadevapura,2,976,Semi-Furnished,5,5,6,Bachelor,0,0,1,1,1,1,0,2.9,1.7,23500
Attibele,3,1404,Semi-Furnished,2,5,6,Bachelor,0,1,0,0,0,1,0,8.4,3.1,23000
BTM Layout,1,633,Unfurnished,1,5,20,Bachelor,0,0,1,0,0,1,1,2.5,1.8,14000
Mahadevapura,3,1440,Fully Furnished,0,10,10,Bachelor,1,1,0,0,1,1,0,2.6,2.0,41000
JP Nagar,1,469,Unfurnished,1,5,3,Any,0,0,1,1,1,1,0,2.9,6.1,14000
Yelahanka,3,1158,Fully Furnished,3,3,20,Bachelor,0,0,1,0,1,0,0,4.4,8.2,25000
Whitefield,3,736,Fully Furnished,0,3,6,Family,0,0,1,0,1,0,0,4.3,0.2,52000
Hennur,2,1068,Fully Furnished,2,7,6,Family,0,0,0,0,1,0,0,4.5,6.9,21000
Attibele,1,525,Semi-Furnished,3,10,6,Family,0,0,1,1,0,0,0,8.0,1.7,9500
Mahadevapura,3,1182,Semi-Furnished,4,7,15,Bachelor,0,1,0,0,0,0,0,3.0,1.6,35000
JP Nagar,2,869,Fully Furnished,20,20,6,Family,0,0,0,0,1,1,0,3.1,6.4,24000
JP Nagar,3,1382,Unfurnished,2,3,3,Family,0,0,0,1,1,0,0,3.2,6.0,31500
Bellandur,1,626,Semi-Furnished,3,10,15,Any,1,0,1,1,0,0,1,4.0,0.2,17500
HSR Layout,1,487,Unfurnished,3,3,10,Any,0,1,0,0,1,1,0,2.5,1.8,15500
Indiranagar,3,1672,Semi-Furnished,0,5,3,Any,1,1,1,1,1,1,0,0.6,3.5,67000
BTM Layout,2,1161,Unfurnished,3,3,1,Bachelor,1,0,0,0,1,1,0,2.4,2.6,25500
HSR Layout,3,1136,Unfurnished,7,10,10,Any,0,0,0,1,1,1,0,2.1,1.6,37500
HSR Layout,2,954,Semi-Furnished,1,5,20,Any,0,0,1,1,1,1,0,2.8,1.1,26000
HSR Layout,2,857,Semi-Furnished,1,7,3,Any,0,0,1,0,1,1,0,2.4,1.8,30500
Koramangala,2,1106,Semi-Furnished,5,5,3,Bachelor,1,0,1,1,1,1,0,0.7,1.7,61000
Koramangala,2,875,Unfurnished,0,5,15,Family,0,0,0,1,0,1,0,1.0,2.1,31500
Attibele,2,881,Semi-Furnished,5,10,15,Any,0,0,1,1,0,0,0,8.7,2.4,15000
JP Nagar,2,738,Unfurnished,0,10,3,Family,0,0,0,1,1,0,0,3.2,4.9,17500
JP Nagar,2,1077,Semi-Furnished,3,7,15,Family,0,0,0,0,0,1,0,3.0,6.3,23000
Sarjapur Road,2,1054,Semi-Furnished,3,3,3,Bachelor,0,0,0,0,0,0,1,4.1,0.2,29000
Vasanth Nagar,3,1406,Semi-Furnished,5,5,15,Family,1,0,0,0,1,0,1,1.0,3.8,90000
Bannerghatta Rd,1,640,Fully Furnished,2,5,10,Any,0,1,0,0,0,0,0,4.7,4.8,15500
Mahadevapura,2,840,Semi-Furnished,2,7,3,Bachelor,0,0,1,0,0,1,0,3.3,1.1,23000
Indiranagar,1,632,Fully Furnished,4,7,10,Bachelor,0,1,1,1,1,1,0,0.6,3.2,42000
JP Nagar,2,952,Semi-Furnished,10,15,3,Any,0,0,1,1,1,0,0,2.6,5.5,26000
Hennur,2,771,Semi-Furnished,12,15,10,Bachelor,0,0,1,1,0,1,0,4.8,7.3,18000
Bannerghatta Rd,1,464,Semi-Furnished,1,5,15,Family,0,0,0,0,0,1,0,3.9,4.3,10000
Banashankari,1,524,Unfurnished,9,20,10,Bachelor,1,1,0,0,1,0,0,3.4,6.0,13500
Whitefield,1,566,Semi-Furnished,6,10,15,Any,0,1,1,1,0,1,0,4.5,0.2,17000
Sadashivanagar,2,898,Semi-Furnished,12,15,15,Bachelor,1,0,0,1,1,1,0,3.5,6.1,66000
Attibele,3,1422,Semi-Furnished,3,3,15,Any,0,0,1,0,0,0,0,7.6,2.3,18000
HSR Layout,1,465,Unfurnished,1,3,1,Family,0,0,1,1,1,1,0,2.7,1.1,23500
Bannerghatta Rd,2,1021,Unfurnished,12,15,6,Family,0,0,0,0,0,1,0,4.7,5.3,16500
Whitefield,2,930,Fully Furnished,2,5,15,Family,0,0,0,0,0,0,0,4.3,0.8,35000
Whitefield,2,927,Semi-Furnished,2,3,3,Family,0,0,0,1,1,1,0,4.6,0.6,33000
Marathahalli,3,1336,Unfurnished,3,10,6,Any,1,0,0,1,1,0,0,3.3,0.2,35500
HSR Layout,2,1032,Semi-Furnished,0,10,20,Any,0,1,0,0,1,1,0,2.5,2.1,28500
Jayanagar,2,948,Semi-Furnished,4,5,6,Family,1,0,1,0,1,1,1,1.7,4.6,40000
Vasanth Nagar,1,451,Fully Furnished,4,7,3,Bachelor,1,0,1,1,1,1,0,1.2,3.8,41000
Jayanagar,1,550,Unfurnished,5,7,15,Any,0,0,0,1,1,1,0,1.6,4.5,20000
Mahadevapura,2,852,Unfurnished,0,15,3,Family,1,0,1,1,0,1,1,2.5,1.9,20000
BTM Layout,1,511,Fully Furnished,1,7,10,Family,1,0,1,0,1,0,0,2.7,2.8,22000
Koramangala,2,886,Unfurnished,5,5,6,Any,1,0,1,1,1,0,0,0.7,2.5,39000
Begur,2,826,Unfurnished,6,7,10,Bachelor,1,0,1,0,0,1,0,4.9,2.6,11500
Hennur,2,1069,Fully Furnished,2,3,6,Any,0,0,0,0,0,1,0,4.5,7.1,17500
Bannerghatta Rd,1,525,Semi-Furnished,3,3,3,Family,0,0,1,0,0,1,0,4.0,4.4,14500
Attibele,2,916,Unfurnished,10,10,6,Any,0,1,0,0,0,0,0,7.7,2.2,12000
Jayanagar,2,1012,Unfurnished,3,7,6,Family,0,1,0,1,1,1,0,1.3,4.8,32000
JP Nagar,3,1336,Unfurnished,4,7,1,Family,1,0,0,0,1,0,0,3.0,5.9,28500
Bellandur,1,479,Unfurnished,5,5,15,Bachelor,0,1,0,1,0,1,0,3.7,0.7,17000
Sarjapur Road,3,1509,Fully Furnished,1,5,3,Family,0,1,0,0,0,1,0,4.0,0.7,59500
Sadashivanagar,2,713,Semi-Furnished,9,15,6,Family,1,0,1,1,0,1,1,3.2,6.3,67500
Electronic City,2,861,Fully Furnished,6,7,10,Family,0,1,1,0,0,0,0,5.5,0.2,22000
Vasanth Nagar,2,1021,Fully Furnished,5,15,20,Family,0,0,1,1,1,1,1,1.4,3.4,57500
Vasanth Nagar,1,510,Semi-Furnished,3,10,3,Any,0,1,1,0,1,1,1,1.4,4.3,41000
Marathahalli,1,602,Unfurnished,9,10,20,Bachelor,0,0,0,1,0,0,0,3.8,1.6,13000
Whitefield,2,1077,Semi-Furnished,6,7,3,Family,0,0,1,1,0,1,0,4.1,1.3,23500
Whitefield,2,1002,Fully Furnished,3,5,1,Family,0,1,1,1,0,1,0,4.0,0.5,37000
Indiranagar,3,1586,Fully Furnished,6,7,1,Family,1,0,1,1,1,1,1,0.4,2.8,108000
Hennur,2,965,Unfurnished,14,20,20,Bachelor,0,0,0,1,0,1,0,4.3,6.6,14500
HSR Layout,1,509,Semi-Furnished,0,7,1,Family,1,1,1,1,1,0,0,2.9,2.3,22500
Indiranagar,2,758,Semi-Furnished,3,5,20,Any,1,0,1,1,1,1,0,1.0,3.3,51000
Hennur,2,947,Fully Furnished,7,10,6,Family,0,0,0,0,0,1,0,4.8,6.9,22500
Begur,2,1008,Unfurnished,1,7,3,Family,1,0,0,1,0,1,0,4.7,2.8,14500
Hennur,2,1141,Semi-Furnished,4,7,10,Any,0,0,0,0,1,1,0,4.2,6.1,20000
Electronic City,3,1257,Fully Furnished,11,15,1,Any,1,0,1,1,1,1,0,5.6,0.5,31500
Sarjapur Road,3,1584,Semi-Furnished,3,7,3,Family,1,1,0,1,1,0,0,4.0,0.5,41500
Marathahalli,2,769,Semi-Furnished,0,5,20,Any,1,0,0,0,0,0,0,3.8,1.2,27500
Indiranagar,2,932,Unfurnished,2,3,6,Bachelor,1,1,1,0,1,1,0,0.5,3.3,49500
JP Nagar,3,1234,Unfurnished,5,5,6,Any,1,0,0,0,0,0,0,2.7,5.8,27000
BTM Layout,2,1104,Semi-Furnished,5,5,6,Bachelor,0,0,0,1,1,1,0,2.2,2.7,28000
HSR Layout,1,571,Fully Furnished,4,10,15,Any,0,0,0,1,0,0,1,2.4,1.9,25000
Bellandur,2,1154,Unfurnished,3,15,6,Any,0,0,0,1,0,1,0,4.0,1.7,24000
Yelahanka,1,445,Semi-Furnished,3,5,15,Family,1,0,0,0,1,0,0,4.5,8.6,13500
Indiranagar,2,923,Semi-Furnished,4,10,15,Bachelor,0,1,0,1,1,1,0,0.9,3.7,46500
Vasanth Nagar,2,841,Unfurnished,4,5,1,Bachelor,0,1,0,1,1,1,0,1.2,3.9,57000
Sarjapur Road,2,941,Semi-Furnished,6,10,3,Family,0,0,0,0,1,0,1,4.0,1.5,28500
Indiranagar,1,613,Fully Furnished,0,7,6,Family,1,1,0,1,1,0,1,1.1,3.7,41500
Electronic City,2,902,Fully Furnished,1,7,10,Family,0,1,0,1,0,1,0,6.1,1.5,24000
Yelahanka,2,822,Semi-Furnished,1,5,6,Bachelor,0,0,1,0,1,1,0,5.1,8.1,16000
Yelahanka,2,968,Semi-Furnished,0,7,6,Bachelor,0,0,1,0,1,0,0,4.8,7.6,16000
Whitefield,2,903,Unfurnished,3,7,10,Bachelor,0,0,0,1,1,0,1,4.6,0.2,25500
Electronic City,2,998,Fully Furnished,3,10,15,Family,0,0,0,1,0,1,0,5.6,0.3,18000
BTM Layout,1,554,Unfurnished,0,10,10,Bachelor,0,0,1,1,0,0,0,2.1,2.6,13500
Sarjapur Road,1,529,Fully Furnished,4,5,10,Any,0,0,0,1,1,0,0,3.5,1.5,20000
Marathahalli,3,1500,Unfurnished,7,7,3,Family,0,0,1,0,0,1,0,3.7,0.2,28500
HSR Layout,3,1383,Fully Furnished,0,7,10,Bachelor,0,1,0,0,0,0,0,1.8,1.8,46000
Hennur,2,987,Fully Furnished,7,7,15,Any,0,0,0,0,0,0,0,4.7,6.2,14500
Mahadevapura,1,667,Fully Furnished,0,5,3,Any,0,0,0,0,0,0,1,3.3,1.8,13500
Sarjapur Road,2,1054,Unfurnished,7,7,6,Bachelor,1,0,0,1,0,1,1,4.1,0.5,22000
Electronic City,2,893,Semi-Furnished,7,10,15,Any,0,0,0,1,1,0,0,5.7,0.8,17000
Hennur,3,1553,Semi-Furnished,1,5,6,Family,0,0,0,0,0,1,0,4.5,7.0,22000
Sarjapur Road,1,541,Fully Furnished,0,5,6,Any,0,0,0,0,0,0,0,3.7,1.3,16500
Electronic City,1,606,Unfurnished,3,10,6,Family,0,0,1,0,0,0,0,5.3,0.2,11500
Sarjapur Road,2,861,Fully Furnished,10,15,3,Family,0,0,0,1,1,0,1,3.3,1.7,35500
Sarjapur Road,2,968,Fully Furnished,14,20,10,Family,0,0,1,1,1,0,0,3.5,1.1,24000
Whitefield,2,925,Unfurnished,5,7,10,Any,0,1,0,1,1,1,0,5.0,0.2,26500
Bellandur,1,586,Fully Furnished,1,10,3,Bachelor,0,0,1,1,1,1,0,4.0,1.8,19500
Sadashivanagar,2,1269,Semi-Furnished,0,5,10,Family,0,0,1,1,1,1,1,3.4,6.3,53000
Hennur,3,1575,Semi-Furnished,12,15,10,Family,0,0,0,0,0,0,0,4.9,7.9,24000
Hennur,3,1411,Semi-Furnished,4,5,1,Any,1,0,0,0,1,0,0,4.1,6.4,21500
Koramangala,2,840,Semi-Furnished,2,3,6,Any,1,1,0,1,1,0,1,1.1,1.8,51000
Electronic City,2,964,Fully Furnished,3,7,10,Bachelor,1,0,0,0,0,0,0,5.8,0.2,16500
Indiranagar,1,384,Semi-Furnished,3,7,6,Bachelor,1,0,1,1,1,1,0,0.4,3.6,32500
BTM Layout,2,1054,Semi-Furnished,9,10,15,Bachelor,0,0,1,0,1,0,0,2.0,3.2,19000
Bellandur,2,755,Semi-Furnished,0,5,3,Family,0,0,0,0,1,1,1,4.2,0.4,27500
Sadashivanagar,2,923,Fully Furnished,1,5,10,Any,1,1,1,1,1,1,0,3.5,6.2,88500
Electronic City,2,1090,Unfurnished,0,3,6,Family,0,0,0,0,0,1,0,5.4,0.6,14000
Electronic City,1,574,Fully Furnished,1,10,3,Bachelor,0,0,0,0,0,0,0,5.3,0.2,10000
Marathahalli,1,649,Semi-Furnished,2,3,3,Family,0,0,1,1,1,0,0,3.5,0.2,14500
Koramangala,2,1014,Unfurnished,4,7,10,Bachelor,0,0,0,0,0,0,0,1.1,1.5,37000
HSR Layout,1,621,Unfurnished,7,10,10,Bachelor,1,0,1,1,1,1,0,2.0,2.2,20500
Whitefield,1,518,Semi-Furnished,1,5,6,Bachelor,0,1,1,0,0,0,0,4.2,0.2,17500
Attibele,3,1404,Fully Furnished,6,10,6,Family,0,0,0,0,1,0,1,7.9,2.9,21500
Whitefield,2,1086,Semi-Furnished,1,7,3,Bachelor,1,1,1,0,0,1,0,4.2,0.2,31000
HSR Layout,2,879,Fully Furnished,12,15,3,Family,0,1,1,1,1,0,0,2.3,1.7,47500
Whitefield,3,1377,Unfurnished,0,7,3,Family,0,0,0,1,1,1,0,4.4,0.2,29000
Marathahalli,3,1393,Semi-Furnished,2,3,3,Family,0,0,1,1,1,1,0,3.3,1.9,36500
Mahadevapura,2,1134,Fully Furnished,3,5,1,Any,0,1,0,1,0,0,1,3.3,1.9,31500
Indiranagar,3,1353,Fully Furnished,1,5,10,Bachelor,0,0,1,1,0,1,0,0.8,4.1,86000
Mahadevapura,2,1050,Unfurnished,4,7,10,Bachelor,0,0,1,1,0,1,0,3.5,0.9,15500
Marathahalli,2,1098,Semi-Furnished,0,5,3,Any,0,1,1,1,0,1,0,3.3,1.1,32500
Begur,2,988,Unfurnished,5,5,10,Any,0,1,0,1,0,1,0,4.3,3.4,15000
BTM Layout,2,763,Semi-Furnished,0,15,10,Bachelor,0,1,1,1,0,0,0,2.2,2.4,28000
Whitefield,2,1018,Fully Furnished,0,5,3,Family,0,0,1,1,0,0,0,4.1,0.2,24500
Bannerghatta Rd,2,1070,Fully Furnished,3,5,6,Family,0,0,0,0,0,1,0,4.4,4.2,18500
Indiranagar,1,594,Unfurnished,5,5,1,Bachelor,0,1,1,1,0,1,1,1.2,3.9,29000
Bannerghatta Rd,2,1016,Fully Furnished,15,20,1,Bachelor,1,0,1,0,0,1,0,4.0,4.3,19000
Sarjapur Road,1,471,Semi-Furnished,1,3,10,Any,0,0,0,1,0,0,0,4.5,1.1,14500
Koramangala,2,1086,Semi-Furnished,2,5,10,Any,1,0,1,1,1,1,0,1.6,3.6,56000
HSR Layout,2,907,Semi-Furnished,2,5,1,Family,0,0,1,1,0,0,1,2.8,1.5,28000
Sarjapur Road,2,1013,Semi-Furnished,3,3,10,Family,1,0,1,1,1,0,1,4.1,1.5,26500
Koramangala,3,1436,Semi-Furnished,5,5,6,Bachelor,0,1,1,1,1,0,0,1.3,1.8,65000
Whitefield,3,1287,Semi-Furnished,1,3,6,Family,0,0,1,0,1,1,1,4.5,0.3,48500
BTM Layout,2,996,Semi-Furnished,1,3,10,Family,0,0,0,1,0,0,0,1.8,2.9,23000
Whitefield,2,947,Unfurnished,7,15,3,Any,0,0,0,0,0,1,1,4.0,0.2,23500
Koramangala,2,975,Fully Furnished,5,10,3,Family,0,0,1,1,1,1,1,0.9,1.5,44000
Hennur,1,578,Semi-Furnished,5,5,15,Any,0,0,1,0,0,0,0,4.6,7.3,13500
Begur,1,537,Unfurnished,2,7,20,Any,0,0,1,0,0,0,0,5.4,3.5,6500
Begur,2,1034,Fully Furnished,0,5,15,Any,0,0,0,0,0,0,0,4.8,3.9,16000
Bellandur,2,945,Fully Furnished,2,5,6,Family,0,0,0,1,0,1,0,3.7,0.6,29000
Indiranagar,2,844,Fully Furnished,1,5,1,Family,1,0,1,0,0,0,0,0.5,2.8,63000
Bellandur,3,1423,Semi-Furnished,1,3,6,Bachelor,0,0,1,1,0,1,0,4.1,0.8,36000
Koramangala,1,503,Unfurnished,5,5,3,Family,0,0,1,1,1,0,0,1.2,2.5,27000
Koramangala,1,711,Semi-Furnished,7,10,6,Family,1,0,1,1,1,0,1,1.7,3.0,33000
BTM Layout,3,1172,Unfurnished,2,5,15,Family,0,0,0,0,1,0,0,2.1,2.1,24000
Yelahanka,1,455,Fully Furnished,2,7,20,Family,0,0,1,0,0,0,0,4.0,8.0,14000
Mahadevapura,2,972,Unfurnished,10,15,1,Family,0,0,0,1,0,0,0,2.9,1.0,18500
Sarjapur Road,2,1011,Unfurnished,0,5,20,Any,1,0,0,1,0,1,0,3.8,1.0,20500
Banashankari,2,1080,Semi-Furnished,1,5,1,Family,1,0,0,0,0,0,0,3.9,6.5,27500
HSR Layout,1,593,Semi-Furnished,0,5,15,Family,1,0,1,1,1,1,0,2.0,2.2,16500
Attibele,1,526,Fully Furnished,3,7,3,Bachelor,0,0,0,0,1,1,0,7.6,2.5,13000
JP Nagar,1,565,Semi-Furnished,9,15,1,Any,0,0,0,1,0,0,0,3.6,5.0,14000
Banashankari,2,1030,Unfurnished,3,5,6,Family,0,0,1,1,0,0,0,3.5,5.9,18500
Sadashivanagar,2,889,Unfurnished,7,10,6,Family,0,0,1,0,1,1,1,3.5,6.3,45500
Mahadevapura,1,646,Semi-Furnished,10,10,15,Bachelor,0,0,0,0,0,1,0,3.7,2.4,16000
Sarjapur Road,2,1030,Unfurnished,0,7,6,Any,0,1,0,1,1,0,0,3.9,2.1,28500
Vasanth Nagar,3,1352,Semi-Furnished,2,7,15,Any,1,0,0,1,0,0,0,1.2,2.9,84500
Indiranagar,1,488,Semi-Furnished,1,5,3,Bachelor,1,0,1,1,1,1,0,0.4,4.0,31500
Sarjapur Road,2,995,Fully Furnished,4,10,3,Family,1,0,1,1,1,1,1,4.2,1.0,26500
Sarjapur Road,2,1039,Fully Furnished,3,7,6,Bachelor,0,1,1,0,0,1,1,4.3,1.6,39000
HSR Layout,2,871,Fully Furnished,3,7,20,Family,1,0,1,1,1,0,0,2.5,1.7,42500
Begur,2,895,Fully Furnished,3,3,10,Any,0,0,0,0,0,0,0,4.9,4.0,15500
Sadashivanagar,2,955,Unfurnished,1,7,15,Any,1,0,0,1,0,1,0,3.4,6.1,50000
Banashankari,3,1268,Unfurnished,7,7,3,Any,0,0,1,1,0,1,0,3.2,7.1,30000
Bannerghatta Rd,3,1584,Semi-Furnished,2,15,15,Family,0,0,1,0,1,0,0,4.1,4.6,23500
JP Nagar,2,862,Fully Furnished,0,15,3,Family,1,1,1,1,0,0,0,3.4,5.4,31500
Whitefield,2,809,Fully Furnished,0,3,6,Bachelor,0,1,1,1,0,1,1,4.2,0.2,38500
JP Nagar,2,1023,Fully Furnished,2,3,10,Any,0,1,0,1,0,0,0,3.3,4.9,31500
HSR Layout,2,918,Unfurnished,0,7,15,Any,0,0,1,1,0,1,0,2.3,1.1,28500
Attibele,2,1002,Fully Furnished,7,7,3,Family,0,0,0,0,0,0,0,7.8,2.4,16500
JP Nagar,1,637,Semi-Furnished,2,15,10,Family,0,0,0,1,0,0,0,3.5,5.1,11000
Hennur,2,880,Unfurnished,15,15,15,Bachelor,1,0,0,0,0,1,1,4.8,7.7,12500
Vasanth Nagar,2,810,Semi-Furnished,0,5,6,Family,1,1,1,1,1,1,1,0.9,4.4,65000
Vasanth Nagar,2,912,Unfurnished,0,10,15,Any,1,0,1,1,1,1,0,1.2,4.1,43000
Koramangala,3,1473,Semi-Furnished,1,10,1,Bachelor,0,0,0,1,1,1,1,1.4,1.8,73500
Sarjapur Road,1,461,Semi-Furnished,6,7,15,Any,1,1,1,0,1,1,0,3.8,0.5,17500
BTM Layout,2,1077,Semi-Furnished,4,10,20,Bachelor,0,0,1,0,1,0,0,2.7,2.7,23000
Hennur,1,556,Semi-Furnished,6,15,15,Any,0,0,1,1,1,0,0,4.5,6.8,12000
Yelahanka,3,1169,Fully Furnished,5,5,1,Family,0,0,1,1,1,0,0,4.3,8.2,34500
Begur,2,940,Semi-Furnished,2,10,1,Any,0,0,1,1,1,0,0,4.9,3.7,17500
Jayanagar,2,949,Semi-Furnished,4,20,15,Family,1,1,0,0,0,0,0,1.5,5.3,37500
Hennur,2,1079,Fully Furnished,1,3,6,Bachelor,0,0,1,0,1,0,0,4.6,6.4,20000
Mahadevapura,2,986,Fully Furnished,7,15,6,Family,1,0,1,1,1,0,0,3.1,1.8,28000
Mahadevapura,3,1212,Unfurnished,0,7,1,Bachelor,0,0,0,1,1,0,0,3.5,1.8,23500
Electronic City,2,1167,Semi-Furnished,9,10,15,Family,0,1,0,0,1,0,0,5.2,1.3,18500
Mahadevapura,2,912,Unfurnished,8,10,3,Family,1,1,1,1,0,0,0,3.2,1.1,19000
Whitefield,3,1559,Unfurnished,2,15,10,Any,0,1,1,1,1,1,0,4.5,0.2,35000
Indiranagar,2,923,Semi-Furnished,7,7,6,Family,0,0,0,0,1,1,0,0.5,3.5,55500
Koramangala,1,603,Fully Furnished,6,7,15,Any,1,0,1,0,0,1,0,1.8,1.7,40000
Bannerghatta Rd,2,837,Unfurnished,7,7,6,Any,0,0,0,0,1,1,1,3.5,4.9,15500
Whitefield,3,1634,Fully Furnished,1,5,3,Family,1,0,1,1,0,1,0,4.5,0.9,50000
Mahadevapura,2,964,Fully Furnished,5,5,1,Any,1,0,1,0,1,1,0,2.8,1.2,27000
Yelahanka,1,647,Fully Furnished,1,7,1,Family,0,0,0,0,1,0,0,4.4,7.8,16500
Indiranagar,2,1086,Unfurnished,7,15,6,Family,1,1,1,1,1,1,0,0.6,3.4,54000
Indiranagar,2,907,Fully Furnished,3,7,10,Bachelor,1,1,0,1,1,1,0,1.0,3.0,78500
Sarjapur Road,1,486,Semi-Furnished,1,7,6,Any,0,0,1,0,1,0,1,3.7,1.1,19000
Banashankari,2,1024,Semi-Furnished,6,10,15,Family,0,0,1,1,0,0,0,3.5,5.3,18500
Jayanagar,3,1352,Unfurnished,1,5,1,Bachelor,1,0,1,0,0,0,0,1.8,5.8,44500
Yelahanka,2,991,Unfurnished,1,7,10,Bachelor,0,0,0,0,1,1,0,4.3,7.2,17500
Koramangala,2,1118,Fully Furnished,6,10,1,Any,1,0,0,0,1,0,1,1.3,1.7,57500
Whitefield,2,988,Semi-Furnished,7,10,20,Family,1,0,1,0,0,0,0,4.7,0.4,31000
HSR Layout,1,488,Unfurnished,7,7,10,Any,1,0,1,0,0,1,1,3.0,2.4,19000
Mahadevapura,3,1295,Unfurnished,5,7,20,Any,0,0,0,0,0,0,0,3.3,2.4,24000
BTM Layout,2,828,Semi-Furnished,5,10,6,Any,1,0,1,1,0,0,0,2.4,2.0,27000
Banashankari,2,943,Unfurnished,6,10,15,Any,0,1,0,0,1,1,0,3.4,5.7,19500
Koramangala,2,1098,Fully Furnished,3,10,10,Any,1,0,0,1,1,1,0,0.8,2.5,53500
Indiranagar,2,778,Unfurnished,2,7,1,Family,0,0,1,1,1,1,1,0.7,3.9,48000
JP Nagar,2,874,Unfurnished,6,7,1,Bachelor,1,0,0,1,1,0,1,2.9,4.8,26500
Yelahanka,1,453,Semi-Furnished,3,7,20,Family,0,0,0,0,0,1,0,4.0,8.7,13000
Whitefield,3,1689,Semi-Furnished,1,7,3,Family,1,0,1,1,1,0,0,4.7,0.5,42000
HSR Layout,3,1415,Semi-Furnished,5,10,10,Bachelor,1,1,0,1,0,1,1,2.1,1.1,47500
Sarjapur Road,2,1022,Semi-Furnished,3,7,10,Family,0,0,0,0,0,1,0,4.2,0.9,30500
Hennur,3,1396,Fully Furnished,10,10,10,Bachelor,0,0,0,1,1,0,0,4.6,7.3,30500
Mahadevapura,1,594,Semi-Furnished,7,10,10,Any,1,0,0,0,0,1,1,3.3,0.9,18000
Koramangala,2,962,Unfurnished,1,7,6,Family,0,0,0,1,0,1,1,1.4,1.7,34000
Yelahanka,2,1001,Semi-Furnished,4,5,10,Any,1,0,0,0,1,1,0,4.0,7.6,24500
Indiranagar,2,761,Fully Furnished,4,5,6,Bachelor,1,0,0,1,1,1,0,0.6,3.8,59500
HSR Layout,2,803,Semi-Furnished,2,3,6,Bachelor,1,0,1,1,1,0,0,1.7,2.1,34500
Attibele,2,1099,Unfurnished,10,20,1,Any,0,0,0,0,0,0,0,8.3,2.4,10000
Sadashivanagar,1,612,Fully Furnished,2,3,20,Family,1,0,0,0,0,1,0,4.1,7.0,37500
Yelahanka,2,988,Semi-Furnished,7,7,1,Bachelor,0,0,0,0,0,0,0,4.0,8.0,20000
Whitefield,1,757,Semi-Furnished,1,5,10,Bachelor,1,1,0,1,1,0,0,4.7,1.0,22500
Sarjapur Road,2,840,Unfurnished,2,7,3,Family,1,0,1,0,0,1,0,3.8,1.1,28000
Marathahalli,1,703,Unfurnished,7,7,1,Any,0,0,0,0,1,1,0,3.5,1.1,13500
Koramangala,1,488,Semi-Furnished,1,5,6,Any,0,0,0,1,0,1,0,0.9,2.6,25500
BTM Layout,2,916,Unfurnished,10,10,10,Family,0,1,0,1,1,0,0,2.4,2.1,22500
Marathahalli,2,1140,Semi-Furnished,2,3,10,Family,0,0,0,1,1,0,0,3.5,0.5,24500
Indiranagar,3,1434,Semi-Furnished,4,15,6,Bachelor,1,0,1,1,1,1,1,0.8,3.8,92000
BTM Layout,2,1024,Unfurnished,11,20,10,Family,1,0,1,1,0,1,0,2.3,2.2,25500
Koramangala,2,823,Fully Furnished,2,3,10,Bachelor,1,1,1,1,1,0,1,1.2,2.9,56500
Indiranagar,3,1137,Fully Furnished,6,7,10,Family,1,0,1,1,1,1,0,0.9,2.8,93000
JP Nagar,2,1033,Fully Furnished,0,5,6,Bachelor,0,0,0,0,1,0,0,2.8,5.4,23500
Indiranagar,1,640,Unfurnished,5,7,15,Family,1,0,0,1,1,1,1,1.0,4.0,27500
Marathahalli,2,1084,Unfurnished,3,3,6,Family,0,0,0,1,0,1,0,3.6,0.3,22500
Sarjapur Road,3,1641,Semi-Furnished,3,3,10,Any,0,0,1,0,1,1,0,4.1,1.1,41500
Electronic City,2,1085,Unfurnished,7,7,6,Bachelor,0,0,0,1,1,0,1,5.4,0.6,17000
Jayanagar,2,1040,Fully Furnished,10,10,3,Any,0,0,1,1,1,1,0,1.9,4.8,41500
Sadashivanagar,1,595,Unfurnished,0,7,10,Any,0,0,1,1,1,1,0,3.3,5.4,27500
Indiranagar,1,523,Semi-Furnished,5,5,15,Family,0,1,0,1,1,0,0,1.2,2.8,29000
Whitefield,2,861,Semi-Furnished,8,10,10,Family,1,0,1,0,1,0,0,4.7,0.8,30000
Sarjapur Road,2,1007,Semi-Furnished,3,5,20,Any,0,0,1,1,1,1,0,3.3,1.5,17000
Koramangala,1,554,Unfurnished,7,7,1,Any,0,1,1,1,0,1,0,1.4,2.2,21000
Bannerghatta Rd,3,1442,Semi-Furnished,3,15,6,Any,0,1,0,0,0,1,0,3.6,4.4,27000
Koramangala,3,1396,Unfurnished,14,15,20,Family,1,1,1,1,1,1,0,1.0,1.9,58000
Marathahalli,2,818,Fully Furnished,4,5,10,Any,0,1,0,0,1,0,0,3.5,1.8,34000
Sarjapur Road,3,1707,Unfurnished,5,10,3,Family,0,0,1,0,0,1,0,4.2,0.9,35500
Hennur,1,543,Fully Furnished,4,7,6,Any,0,0,0,0,0,0,0,4.4,7.1,13500
Bellandur,2,1080,Fully Furnished,5,7,3,Any,0,0,0,1,0,0,0,3.9,1.5,25500
Electronic City,2,904,Unfurnished,4,5,15,Family,0,0,0,0,0,0,0,6.0,0.8,13500
BTM Layout,3,1372,Fully Furnished,1,5,20,Any,0,0,1,0,1,1,0,2.2,3.3,45500
Electronic City,3,1627,Unfurnished,1,5,15,Family,0,0,1,0,1,0,0,5.4,0.3,19500
Indiranagar,2,1074,Fully Furnished,1,7,3,Any,1,1,1,1,1,0,0,0.7,3.6,83500
Hennur,3,1447,Semi-Furnished,1,5,10,Family,0,0,0,0,1,0,1,4.9,6.7,24000
Marathahalli,1,641,Semi-Furnished,6,7,20,Any,0,1,1,1,0,1,0,3.5,1.7,17000
Electronic City,3,1439,Semi-Furnished,4,15,6,Family,0,0,0,1,0,1,0,5.1,0.3,22000
Banashankari,3,1263,Unfurnished,3,5,1,Any,0,0,1,1,0,0,1,3.5,5.9,29000
Whitefield,1,464,Fully Furnished,4,7,3,Bachelor,0,0,1,1,1,1,0,4.9,0.2,22000
Marathahalli,2,1008,Unfurnished,3,5,10,Bachelor,0,1,0,0,0,0,0,3.9,0.2,20000
Bellandur,1,621,Semi-Furnished,14,15,3,Family,0,0,0,1,1,1,0,3.9,0.2,20500
Indiranagar,2,1010,Semi-Furnished,2,5,20,Any,0,0,1,1,1,1,0,0.6,3.8,46000
Koramangala,2,919,Fully Furnished,1,7,3,Family,1,1,0,1,1,1,0,1.8,2.4,67500
HSR Layout,2,937,Unfurnished,8,10,1,Bachelor,1,0,1,1,1,0,0,2.0,1.7,35000
Sadashivanagar,3,1636,Semi-Furnished,2,3,1,Family,1,0,1,1,1,1,1,3.0,5.2,108500
Hennur,2,927,Semi-Furnished,0,3,15,Any,1,0,0,1,0,1,1,4.2,7.3,19000
Vasanth Nagar,2,853,Fully Furnished,0,5,6,Family,0,1,1,1,1,0,0,0.9,3.9,61500
Begur,3,1579,Unfurnished,2,3,15,Family,0,0,0,0,0,1,0,5.4,3.5,15500
BTM Layout,3,1402,Unfurnished,0,3,15,Family,0,0,0,1,0,1,0,2.0,2.3,26500
Jayanagar,1,590,Unfurnished,1,5,15,Bachelor,1,1,0,1,0,1,0,1.6,6.2,22500
Mahadevapura,3,1561,Fully Furnished,1,7,15,Family,1,0,0,1,0,1,0,3.4,1.4,31000
Sarjapur Road,1,311,Unfurnished,1,3,15,Bachelor,1,1,1,0,1,0,1,3.6,1.6,18500
Yelahanka,3,1311,Semi-Furnished,2,10,6,Any,0,0,1,0,0,0,0,4.0,7.4,19500
Marathahalli,2,941,Unfurnished,0,3,3,Any,0,0,1,0,1,1,0,3.4,1.6,25000
Bellandur,1,555,Fully Furnished,4,5,3,Bachelor,0,0,0,1,0,0,0,3.7,1.2,23500
Vasanth Nagar,2,1100,Fully Furnished,7,7,3,Family,1,1,0,1,1,1,0,0.7,3.3,64500
Attibele,2,937,Semi-Furnished,3,7,15,Any,1,0,0,0,1,0,0,7.9,2.4,13000
Begur,2,883,Semi-Furnished,4,5,15,Family,0,0,0,1,0,0,0,5.4,4.0,11000
Sarjapur Road,1,653,Unfurnished,5,15,20,Any,0,0,1,1,1,0,1,4.0,1.0,16000
Jayanagar,2,869,Unfurnished,1,7,6,Family,1,0,1,1,1,1,0,2.1,5.3,35000
Sarjapur Road,3,1571,Unfurnished,2,3,10,Bachelor,0,0,1,1,0,0,1,4.2,0.6,26500
Indiranagar,2,942,Semi-Furnished,5,7,15,Family,1,1,1,1,1,0,0,1.1,2.5,55000
Koramangala,1,536,Semi-Furnished,1,7,3,Any,0,0,1,0,0,0,0,1.3,1.3,30500
HSR Layout,2,828,Fully Furnished,1,5,1,Family,0,0,0,0,1,0,1,2.5,2.1,45000
Banashankari,1,559,Semi-Furnished,2,3,3,Bachelor,1,0,0,0,0,0,0,3.3,5.6,14500
Hennur,3,1707,Semi-Furnished,11,15,1,Family,1,0,0,0,0,0,1,4.8,7.3,22000
Bellandur,3,1406,Semi-Furnished,3,5,6,Any,1,0,0,0,1,0,0,3.8,1.0,35500
Bellandur,2,1087,Semi-Furnished,3,10,10,Any,0,1,0,0,1,0,0,3.9,1.0,27000
JP Nagar,2,898,Unfurnished,3,20,20,Bachelor,0,0,0,0,0,0,1,2.8,5.9,18000
BTM Layout,3,1072,Semi-Furnished,2,5,20,Bachelor,0,1,1,1,0,1,0,2.2,2.4,36500
BTM Layout,2,986,Semi-Furnished,5,7,1,Any,0,0,0,0,0,0,0,2.6,2.9,28500
Attibele,3,1542,Fully Furnished,0,3,15,Bachelor,1,0,0,0,0,1,0,8.1,1.9,20000
Koramangala,2,715,Fully Furnished,5,10,20,Bachelor,1,0,0,0,1,1,0,1.5,2.1,57000
Hennur,3,1537,Semi-Furnished,2,3,3,Bachelor,0,0,1,0,0,1,0,4.3,7.8,26500
Whitefield,2,1048,Unfurnished,0,15,20,Any,1,1,1,1,0,0,0,4.3,0.2,22500
Banashankari,2,1031,Semi-Furnished,0,7,15,Family,1,1,0,1,0,1,0,3.6,5.4,24500
Bellandur,3,1422,Semi-Furnished,3,20,1,Any,0,0,0,0,1,0,0,3.5,0.9,38000
Yelahanka,2,848,Unfurnished,1,7,3,Bachelor,0,0,0,0,0,1,0,4.3,7.6,13500
Hennur,2,886,Fully Furnished,18,20,10,Family,1,0,0,0,0,0,0,4.3,7.5,20500
Bannerghatta Rd,1,708,Fully Furnished,0,5,3,Any,0,0,0,1,0,1,0,3.7,4.5,14500
JP Nagar,2,983,Fully Furnished,1,3,6,Family,1,0,0,1,1,1,0,2.7,6.9,29500
HSR Layout,2,845,Unfurnished,5,7,15,Family,1,0,0,1,1,1,0,2.6,1.2,28000
Whitefield,1,568,Fully Furnished,3,3,10,Bachelor,0,1,1,1,1,1,0,4.7,0.5,20000
Bannerghatta Rd,1,558,Fully Furnished,1,3,10,Any,0,1,0,0,0,1,0,3.6,5.3,17000
Vasanth Nagar,2,873,Semi-Furnished,2,7,10,Any,1,1,1,1,1,1,1,0.7,3.8,62000
Whitefield,3,1307,Semi-Furnished,3,10,6,Any,0,0,0,1,0,0,0,4.9,0.2,42500
Whitefield,2,874,Fully Furnished,4,5,6,Any,1,0,1,1,0,0,1,4.9,0.4,36000
Bellandur,1,505,Semi-Furnished,11,15,6,Family,0,0,1,0,1,1,0,3.5,1.4,14000
Indiranagar,2,965,Semi-Furnished,6,10,1,Family,0,0,0,1,0,0,0,0.8,4.2,57500
Bellandur,1,665,Semi-Furnished,0,7,10,Any,0,0,1,1,0,1,0,3.5,0.4,14000
Bannerghatta Rd,2,1032,Semi-Furnished,18,20,1,Family,1,0,0,1,0,1,0,3.7,4.8,25000
Jayanagar,1,569,Unfurnished,7,10,10,Bachelor,1,1,0,1,0,1,1,1.6,5.0,19500
HSR Layout,1,454,Fully Furnished,3,5,15,Bachelor,0,0,1,1,0,0,0,2.4,2.2,27000
Begur,1,591,Semi-Furnished,5,7,15,Family,1,0,1,1,0,0,0,5.5,3.7,11500
Jayanagar,2,930,Semi-Furnished,0,10,3,Any,1,0,0,1,1,0,1,1.6,4.2,39500
Electronic City,1,349,Unfurnished,2,3,15,Bachelor,0,0,1,0,1,0,0,5.6,0.8,9500
Yelahanka,2,1176,Semi-Furnished,5,7,15,Bachelor,0,0,0,1,1,0,1,4.6,8.5,21000
HSR Layout,2,885,Unfurnished,2,3,1,Any,0,0,1,0,1,1,0,2.2,1.8,30500
Hennur,2,927,Unfurnished,2,5,1,Bachelor,0,1,0,0,0,0,0,4.6,6.6,14000
Banashankari,2,779,Semi-Furnished,3,5,6,Family,0,1,0,1,0,0,0,3.7,6.3,22000
Marathahalli,3,1285,Semi-Furnished,8,15,10,Bachelor,1,1,1,1,0,0,0,3.3,1.2,42000
BTM Layout,1,545,Semi-Furnished,8,10,15,Any,1,0,1,1,1,1,0,2.5,2.4,19000
Whitefield,2,724,Unfurnished,5,7,10,Any,1,1,1,1,0,1,0,4.9,0.4,28500
Sadashivanagar,1,636,Semi-Furnished,2,7,1,Any,1,0,1,1,0,0,0,3.5,6.1,34500
JP Nagar,1,593,Unfurnished,4,5,20,Any,0,0,0,1,1,1,0,2.8,5.6,12500
Begur,2,960,Fully Furnished,1,3,15,Family,0,0,0,1,0,0,0,5.4,2.9,15500
HSR Layout,2,927,Semi-Furnished,6,7,3,Any,1,0,1,1,1,0,0,2.4,0.8,35500
Sarjapur Road,3,1589,Semi-Furnished,15,15,15,Any,0,1,0,0,1,1,0,3.7,1.2,34500
BTM Layout,2,954,Semi-Furnished,4,5,3,Family,1,0,1,1,1,0,0,2.2,3.4,30500
Mahadevapura,3,1071,Unfurnished,2,5,1,Family,1,0,0,0,1,1,1,3.1,2.4,25500
Indiranagar,1,662,Fully Furnished,0,5,10,Any,0,0,1,1,1,1,0,1.1,4.1,33500
Begur,1,692,Unfurnished,1,5,20,Any,0,1,0,1,0,0,0,4.6,3.2,10000
Banashankari,1,811,Semi-Furnished,0,10,6,Any,0,0,1,0,0,0,0,3.8,6.0,11500
HSR Layout,1,574,Semi-Furnished,4,5,6,Any,1,1,1,1,1,0,0,2.8,1.9,25000
Indiranagar,2,953,Unfurnished,1,15,6,Bachelor,0,1,1,0,0,1,1,0.5,3.1,44500
Sadashivanagar,2,945,Fully Furnished,0,3,10,Bachelor,0,0,1,1,1,1,0,3.9,6.8,53500
Marathahalli,1,631,Semi-Furnished,2,15,10,Bachelor,0,0,1,0,1,0,1,3.4,1.8,16500
BTM Layout,3,1491,Unfurnished,1,3,15,Family,0,0,0,1,0,0,0,1.8,1.9,32500
Electronic City,3,1181,Unfurnished,1,5,10,Any,0,0,0,1,0,0,0,6.0,0.2,16500
Banashankari,2,848,Unfurnished,4,7,20,Bachelor,0,0,1,1,0,1,0,3.3,6.2,14500
HSR Layout,1,542,Fully Furnished,9,10,6,Bachelor,1,0,1,1,0,0,1,2.2,1.4,27000
Whitefield,1,639,Semi-Furnished,5,10,10,Bachelor,0,1,0,1,1,1,0,3.9,1.1,19000
Sarjapur Road,1,603,Unfurnished,4,7,3,Bachelor,1,0,1,1,0,1,0,3.4,1.0,19000
Sadashivanagar,1,681,Unfurnished,2,3,6,Family,1,0,0,1,1,1,0,3.7,5.8,28000
Sadashivanagar,2,872,Semi-Furnished,14,15,3,Family,0,1,1,1,1,1,1,3.4,6.1,54500
Koramangala,1,518,Semi-Furnished,1,10,1,Family,0,0,0,1,1,1,0,1.0,1.6,32500
Bellandur,2,925,Semi-Furnished,3,3,10,Family,1,0,0,1,1,1,0,3.8,0.6,30500
Sarjapur Road,3,1705,Semi-Furnished,2,20,1,Any,0,1,1,1,1,1,0,3.9,1.2,54500
Yelahanka,2,859,Unfurnished,1,5,15,Family,1,0,0,0,0,0,0,3.9,7.9,17000
Electronic City,3,1447,Semi-Furnished,3,3,3,Family,0,1,0,1,0,0,0,5.5,0.2,29000
Electronic City,1,735,Fully Furnished,0,5,15,Bachelor,0,0,0,0,1,1,0,5.4,0.2,11000
Whitefield,2,1083,Unfurnished,5,20,15,Bachelor,0,0,0,1,1,0,1,4.4,0.2,23500
Hennur,2,851,Semi-Furnished,0,7,6,Family,1,1,0,0,0,1,0,4.4,7.2,19500
Jayanagar,1,504,Semi-Furnished,11,15,20,Any,0,0,1,1,1,0,1,1.6,4.3,24000
Indiranagar,1,463,Semi-Furnished,14,15,15,Any,1,0,1,1,1,1,1,0.4,3.9,34000
HSR Layout,2,880,Unfurnished,1,7,6,Family,0,0,1,1,0,1,1,1.9,1.9,18500
Koramangala,2,1144,Fully Furnished,3,15,1,Family,1,0,1,1,1,1,0,1.1,2.2,63500
Marathahalli,2,1037,Semi-Furnished,5,10,6,Any,1,0,0,0,0,0,1,3.0,1.5,27000
Bannerghatta Rd,2,1017,Semi-Furnished,0,3,10,Any,0,1,0,1,1,0,0,3.8,5.2,18000
Koramangala,2,934,Semi-Furnished,9,10,20,Any,0,1,1,1,1,0,0,1.2,2.2,39000
Indiranagar,1,616,Unfurnished,0,15,6,Family,1,0,1,1,1,1,1,0.7,3.3,26500
Banashankari,2,1043,Unfurnished,5,10,15,Bachelor,1,0,1,1,1,1,0,2.9,6.0,24000
Bannerghatta Rd,1,519,Fully Furnished,1,3,6,Bachelor,1,0,0,0,0,1,0,4.1,4.2,15000
BTM Layout,1,461,Unfurnished,11,15,20,Family,1,0,1,1,0,1,0,2.4,2.4,15000
Marathahalli,3,1312,Semi-Furnished,5,7,3,Bachelor,0,0,0,0,1,1,0,3.6,1.1,37500
Koramangala,2,963,Semi-Furnished,3,10,6,Bachelor,1,0,1,1,1,1,0,1.0,2.4,53000
Sadashivanagar,2,886,Semi-Furnished,1,7,10,Family,1,1,1,1,1,0,1,3.8,5.9,62000
Attibele,2,952,Semi-Furnished,9,10,20,Any,0,0,0,1,0,0,0,8.3,3.2,11000
Begur,2,956,Semi-Furnished,3,10,6,Any,1,0,1,0,0,0,0,5.1,2.8,17000
Koramangala,1,543,Unfurnished,1,3,6,Family,0,1,0,1,1,1,1,1.3,1.6,31000
Begur,1,572,Semi-Furnished,5,7,6,Any,1,0,1,1,0,1,0,5.1,4.0,13000
Whitefield,1,565,Semi-Furnished,0,5,6,Family,0,0,1,1,1,0,0,4.2,0.2,15500
Hennur,3,1307,Semi-Furnished,6,10,3,Any,0,0,1,1,0,1,0,4.8,7.5,31500
Banashankari,2,1153,Unfurnished,2,5,1,Family,0,0,0,1,1,0,0,3.6,5.3,23500
Marathahalli,2,963,Semi-Furnished,1,10,6,Family,0,0,1,0,0,1,0,3.7,0.9,27500
Yelahanka,2,950,Unfurnished,12,20,6,Bachelor,1,0,0,0,1,0,0,4.2,8.7,19500
Sarjapur Road,3,1534,Unfurnished,6,7,15,Bachelor,1,0,0,0,0,0,0,4.2,0.9,34500
Indiranagar,1,440,Unfurnished,0,3,6,Any,0,0,1,1,0,1,0,1.2,4.4,22000
Koramangala,2,790,Fully Furnished,2,7,3,Family,1,1,0,0,1,1,0,1.4,1.4,60500
HSR Layout,2,686,Unfurnished,6,7,10,Family,0,0,0,1,1,0,0,3.1,1.4,28500
Sarjapur Road,3,1149,Unfurnished,3,5,10,Bachelor,0,0,1,0,1,1,0,3.9,2.0,40000
Jayanagar,3,1517,Unfurnished,0,10,3,Bachelor,0,0,0,0,1,1,1,1.9,4.2,41000
Sarjapur Road,1,529,Unfurnished,5,5,10,Family,0,1,1,1,0,0,1,3.7,1.3,17000
Begur,3,1774,Semi-Furnished,5,7,3,Any,0,0,0,1,0,0,0,4.5,2.9,19500
Indiranagar,3,1384,Unfurnished,2,5,6,Any,0,0,0,0,1,1,0,0.9,3.8,55500
Sarjapur Road,1,681,Unfurnished,0,15,10,Any,0,0,1,1,1,1,0,4.1,0.3,14500
Banashankari,2,816,Semi-Furnished,1,5,3,Any,0,0,0,0,1,1,0,3.1,5.7,20000
Hennur,2,872,Semi-Furnished,4,7,20,Family,1,0,1,0,0,0,0,4.3,7.4,15500
Jayanagar,3,1147,Fully Furnished,0,7,20,Any,0,0,1,1,1,1,0,1.0,4.8,46500
Sarjapur Road,1,516,Semi-Furnished,4,7,15,Family,0,0,1,1,0,1,0,3.9,0.2,18000
Electronic City,3,1669,Unfurnished,0,5,10,Any,1,1,0,1,0,1,0,5.6,1.5,22500
Bannerghatta Rd,2,927,Semi-Furnished,2,7,3,Bachelor,1,0,1,0,1,0,0,3.6,4.7,16500
Sarjapur Road,2,832,Unfurnished,5,5,15,Any,0,0,1,1,0,0,0,4.0,0.6,21000
Yelahanka,2,1054,Semi-Furnished,5,5,15,Any,0,0,0,1,1,1,0,4.2,7.7,19000
Whitefield,2,1163,Semi-Furnished,3,10,6,Any,0,0,0,1,1,0,0,4.6,0.2,29000
Hennur,3,1356,Unfurnished,1,5,10,Any,0,0,0,0,1,1,0,4.0,6.5,18000
Whitefield,3,1423,Semi-Furnished,3,7,10,Any,1,0,0,1,0,1,0,4.1,0.2,49500
Koramangala,3,1599,Fully Furnished,2,3,3,Any,1,0,1,1,1,1,1,1.8,2.6,86000
Bannerghatta Rd,1,595,Fully Furnished,2,3,6,Bachelor,1,0,0,0,0,0,0,3.6,4.4,15000
Sarjapur Road,2,836,Semi-Furnished,5,5,1,Family,0,0,0,1,0,1,0,4.0,1.1,27500
Sarjapur Road,1,501,Semi-Furnished,1,3,15,Family,0,1,1,1,0,0,0,4.7,2.1,17000
Vasanth Nagar,2,1087,Unfurnished,1,3,15,Family,1,0,1,1,1,1,0,1.2,3.6,54000
Sarjapur Road,2,936,Unfurnished,6,7,10,Bachelor,0,0,1,0,0,1,0,4.5,2.0,17500
JP Nagar,2,957,Semi-Furnished,1,10,20,Bachelor,0,0,0,0,0,0,0,2.8,5.9,21000
Sarjapur Road,2,870,Semi-Furnished,13,20,6,Bachelor,1,0,0,1,1,1,0,3.8,1.6,28500
Indiranagar,3,1748,Fully Furnished,5,5,1,Any,0,0,1,1,1,1,0,0.3,3.6,77500
Sarjapur Road,1,602,Semi-Furnished,7,15,6,Any,0,0,0,1,0,0,0,4.1,1.5,14500
Attibele,2,1266,Semi-Furnished,4,5,10,Family,0,1,1,0,0,0,0,8.1,2.2,13500
Koramangala,2,984,Semi-Furnished,5,7,10,Family,0,0,0,1,0,1,1,1.3,1.3,42500
Begur,1,533,Fully Furnished,2,5,6,Bachelor,0,0,1,0,1,0,1,4.8,3.3,15000
JP Nagar,1,490,Semi-Furnished,1,7,6,Family,1,1,1,1,0,1,0,2.8,5.3,15500
Hennur,3,1537,Semi-Furnished,2,7,3,Any,0,0,1,0,1,1,0,4.8,7.5,24000
Mahadevapura,3,1277,Semi-Furnished,3,10,20,Bachelor,0,1,0,0,1,1,0,3.0,1.7,39500
Marathahalli,3,1707,Fully Furnished,3,7,10,Bachelor,0,0,1,0,1,0,0,3.1,1.2,37500
Bellandur,3,1298,Unfurnished,13,15,3,Any,0,1,1,1,0,0,0,3.3,1.2,30500
Hennur,1,531,Fully Furnished,1,10,3,Any,0,0,0,0,0,0,0,4.6,7.4,13000
JP Nagar,2,1174,Semi-Furnished,8,10,6,Family,1,1,0,1,0,0,0,2.9,5.8,32500
BTM Layout,2,818,Semi-Furnished,2,10,3,Any,0,0,1,0,1,1,1,1.5,2.9,27000
Sarjapur Road,2,1188,Semi-Furnished,2,7,3,Bachelor,1,1,1,1,1,0,0,3.9,1.5,36000
Electronic City,2,857,Semi-Furnished,10,10,3,Family,1,0,0,0,1,0,0,5.3,0.2,14500
Mahadevapura,2,1050,Unfurnished,0,3,1,Family,0,1,1,1,1,0,0,3.4,2.0,19500
Mahadevapura,2,967,Fully Furnished,5,10,1,Bachelor,0,0,0,0,0,1,0,3.1,0.9,25500
Banashankari,2,1077,Semi-Furnished,1,5,10,Family,1,0,0,0,1,0,0,3.3,5.7,24500
Electronic City,1,618,Semi-Furnished,11,15,6,Family,0,0,1,0,0,0,0,5.2,0.4,12000
Indiranagar,2,1001,Unfurnished,7,10,15,Any,0,0,0,0,0,1,0,1.4,4.0,40000
Marathahalli,2,1088,Semi-Furnished,0,10,1,Any,0,0,0,1,0,0,0,4.0,2.0,23000
Koramangala,2,1038,Semi-Furnished,2,3,6,Family,1,1,1,1,1,1,0,1.1,2.2,56500
BTM Layout,1,622,Semi-Furnished,3,7,10,Family,0,0,1,1,0,0,0,2.1,1.6,17500
BTM Layout,2,1112,Semi-Furnished,0,3,6,Any,1,0,1,1,0,1,0,2.0,3.0,28500
JP Nagar,1,516,Semi-Furnished,0,3,10,Family,0,1,1,0,0,1,1,3.0,5.4,14500
Sarjapur Road,2,1192,Fully Furnished,14,15,10,Any,0,0,1,1,0,1,0,3.9,1.8,39000
JP Nagar,3,1396,Semi-Furnished,3,7,1,Bachelor,1,0,0,0,0,0,1,3.4,3.7,31500
Banashankari,2,977,Fully Furnished,6,10,10,Family,0,0,0,0,0,0,0,3.3,6.0,18500
HSR Layout,2,716,Unfurnished,2,7,6,Family,0,0,1,0,1,1,0,2.3,1.9,32000
BTM Layout,2,939,Semi-Furnished,7,10,6,Family,1,1,0,0,1,1,0,1.9,2.3,27000
Vasanth Nagar,2,985,Semi-Furnished,7,10,20,Family,1,0,1,1,1,1,0,0.6,4.6,49000
Indiranagar,3,1088,Semi-Furnished,0,5,15,Family,1,0,1,1,1,1,0,0.3,3.7,74000
Whitefield,2,1030,Fully Furnished,2,7,1,Bachelor,0,0,0,0,0,1,0,4.7,0.3,36500
Sarjapur Road,2,911,Unfurnished,1,7,1,Family,0,0,1,0,0,0,1,4.0,1.1,21500
Whitefield,2,970,Unfurnished,2,10,6,Bachelor,0,0,1,1,0,1,0,4.4,0.9,29000
Banashankari,1,510,Fully Furnished,1,3,15,Bachelor,0,0,1,0,0,1,0,4.0,6.1,18000
BTM Layout,2,1007,Unfurnished,8,10,6,Family,1,0,1,0,1,0,0,2.0,1.6,30500
Hennur,2,760,Semi-Furnished,5,5,3,Family,0,0,1,0,0,1,0,4.8,5.9,17000
Marathahalli,2,881,Semi-Furnished,7,7,15,Family,0,0,0,1,1,1,0,3.2,0.8,23000
Yelahanka,2,921,Fully Furnished,5,15,1,Family,1,0,0,1,1,1,1,3.9,8.1,26000
Koramangala,2,965,Unfurnished,3,7,20,Any,0,0,0,1,0,0,0,1.7,2.2,23500
BTM Layout,1,507,Unfurnished,0,10,15,Family,0,1,1,1,0,1,0,2.5,2.5,17500
JP Nagar,2,1020,Semi-Furnished,2,5,3,Any,0,1,1,1,0,1,0,2.9,4.9,28500
JP Nagar,2,838,Fully Furnished,1,10,6,Bachelor,0,0,1,0,0,0,0,2.4,6.4,30000
Whitefield,2,1033,Semi-Furnished,10,20,10,Bachelor,0,0,0,0,0,0,0,4.4,0.2,27500
Marathahalli,1,689,Semi-Furnished,0,10,1,Bachelor,1,0,0,1,1,1,0,3.7,0.8,17500
Whitefield,2,1129,Semi-Furnished,2,5,15,Any,0,0,1,1,1,1,0,4.8,0.5,21500
Mahadevapura,3,1504,Fully Furnished,2,7,6,Family,0,0,1,1,0,0,0,3.2,1.4,37000
Electronic City,1,494,Fully Furnished,9,10,6,Family,0,0,1,1,0,1,0,5.7,0.2,12500
Bellandur,2,794,Fully Furnished,0,3,20,Bachelor,0,0,0,1,0,0,1,3.8,0.5,30000
Begur,1,637,Unfurnished,5,5,15,Family,0,0,0,0,0,1,0,5.0,2.5,8000
Koramangala,2,1015,Unfurnished,3,3,3,Bachelor,0,0,1,1,0,0,0,0.9,2.2,35500
Jayanagar,2,873,Semi-Furnished,3,10,6,Bachelor,0,0,1,0,0,1,0,1.8,4.4,32000
Koramangala,2,1044,Fully Furnished,8,10,6,Bachelor,1,1,0,1,0,0,0,0.8,2.1,55500
Whitefield,2,774,Unfurnished,0,3,20,Bachelor,1,0,0,0,1,0,0,4.8,0.9,18500
Hennur,3,1321,Unfurnished,13,20,20,Bachelor,0,0,1,0,0,0,0,4.2,6.9,16500
HSR Layout,1,532,Fully Furnished,5,7,15,Any,1,0,0,0,1,0,0,2.1,1.8,27000
Bannerghatta Rd,1,440,Unfurnished,0,3,6,Any,0,0,0,0,0,0,0,3.9,4.1,10500
Koramangala,3,1207,Semi-Furnished,7,7,6,Bachelor,1,0,1,1,1,1,1,1.2,2.3,60000
Bannerghatta Rd,2,982,Semi-Furnished,0,5,20,Any,0,0,1,0,1,0,0,3.9,4.4,14500
BTM Layout,3,1490,Semi-Furnished,1,5,15,Any,1,1,0,0,1,0,0,2.6,1.8,46000
Indiranagar,2,877,Fully Furnished,6,7,10,Bachelor,0,1,1,0,0,1,1,0.6,3.6,71500
Yelahanka,3,1253,Semi-Furnished,2,3,10,Bachelor,1,0,0,1,1,1,0,3.8,7.6,28500
HSR Layout,2,826,Semi-Furnished,11,15,6,Any,0,0,1,0,1,1,0,3.1,1.3,37500
HSR Layout,2,971,Semi-Furnished,6,15,10,Bachelor,1,1,1,1,1,0,0,2.6,1.5,34500
HSR Layout,3,1383,Semi-Furnished,3,3,3,Family,0,0,0,0,1,1,1,2.3,1.7,56500
Electronic City,2,1016,Semi-Furnished,5,5,6,Any,0,0,0,1,1,1,0,5.9,0.2,20000
Marathahalli,1,630,Unfurnished,5,5,6,Family,0,1,1,1,0,0,0,3.5,0.8,19000
BTM Layout,2,925,Unfurnished,6,7,6,Any,0,0,1,1,0,0,0,2.4,2.9,23000
Whitefield,1,563,Unfurnished,6,7,6,Any,1,0,1,1,1,0,0,3.6,1.9,19000
Bellandur,1,524,Unfurnished,3,7,10,Any,0,0,0,1,1,1,0,4.1,0.8,15000
HSR Layout,2,881,Semi-Furnished,4,7,3,Family,1,1,0,0,0,0,1,2.0,1.8,33000
JP Nagar,2,1009,Fully Furnished,10,10,10,Bachelor,0,0,0,0,0,0,1,2.9,5.4,29000
Indiranagar,2,822,Fully Furnished,2,3,1,Bachelor,1,1,1,1,1,1,0,0.5,3.5,63500
Jayanagar,2,944,Fully Furnished,3,10,15,Family,0,0,1,1,1,0,1,1.7,5.6,41000
Sarjapur Road,2,1302,Semi-Furnished,2,3,6,Family,0,0,0,0,1,0,1,3.8,2.0,26000
Jayanagar,1,526,Semi-Furnished,0,7,10,Bachelor,0,0,0,0,1,1,0,1.9,5.0,22500
Marathahalli,1,621,Semi-Furnished,2,5,6,Bachelor,0,1,0,0,0,0,1,3.1,0.3,20000
Sarjapur Road,1,516,Unfurnished,0,10,6,Family,0,1,1,1,0,0,1,3.6,0.7,15000
Indiranagar,2,898,Unfurnished,2,3,6,Bachelor,1,1,1,0,1,1,0,0.4,3.1,43500
Marathahalli,1,505,Semi-Furnished,2,7,3,Any,1,0,1,1,0,1,0,3.8,0.7,17500
HSR Layout,2,977,Fully Furnished,2,15,3,Any,0,0,0,1,0,1,0,2.8,1.7,39000
Begur,2,867,Unfurnished,8,10,6,Any,0,0,0,0,1,0,0,5.4,3.5,9000
Yelahanka,3,1389,Unfurnished,9,20,3,Bachelor,0,0,0,1,0,0,0,4.4,8.1,23000
Electronic City,1,496,Fully Furnished,0,3,15,Any,0,0,0,1,1,0,0,5.3,0.6,13500
Marathahalli,2,1011,Unfurnished,6,7,3,Any,1,0,1,0,0,0,1,3.5,0.4,23500
Koramangala,2,541,Fully Furnished,0,5,6,Family,1,1,1,1,0,1,1,1.0,1.5,67500
Whitefield,3,1186,Fully Furnished,4,10,15,Family,1,0,0,0,1,1,0,4.2,1.0,40500
Begur,3,1396,Fully Furnished,3,10,3,Bachelor,0,0,1,0,0,0,0,5.4,3.3,20500
Whitefield,1,483,Semi-Furnished,2,20,6,Bachelor,0,1,1,0,1,0,1,4.7,0.5,21000
Electronic City,1,404,Semi-Furnished,1,3,1,Bachelor,0,0,0,0,0,1,0,4.9,0.7,14500
Hennur,3,1060,Semi-Furnished,5,10,3,Bachelor,0,0,1,0,1,0,0,4.4,7.3,23000
Vasanth Nagar,2,874,Semi-Furnished,3,10,1,Any,1,1,1,1,1,0,1,0.7,4.4,76500
Vasanth Nagar,2,917,Semi-Furnished,1,5,20,Bachelor,1,0,1,1,0,1,0,1.6,4.2,58000
Whitefield,2,961,Unfurnished,5,5,1,Family,0,0,1,1,1,0,1,4.5,0.4,26500
JP Nagar,2,793,Semi-Furnished,10,10,6,Any,0,0,1,0,1,0,0,2.8,5.1,27000
Electronic City,3,1072,Semi-Furnished,3,20,3,Family,1,0,0,1,0,0,0,5.6,0.5,26000
Bannerghatta Rd,3,1343,Fully Furnished,2,10,15,Any,0,0,0,0,0,0,0,3.8,4.8,22000
BTM Layout,2,682,Fully Furnished,2,3,10,Family,0,0,1,0,1,1,0,2.1,2.3,38500
HSR Layout,2,939,Semi-Furnished,8,10,6,Any,1,0,1,1,1,1,0,2.9,0.2,46000
Mahadevapura,3,1584,Unfurnished,0,5,6,Family,1,0,1,0,0,0,1,2.4,1.5,29000
HSR Layout,1,482,Fully Furnished,2,10,20,Family,1,0,0,1,0,0,0,2.2,0.8,25000
Electronic City,1,430,Semi-Furnished,4,5,15,Family,0,0,0,0,1,0,0,5.4,0.2,8500
JP Nagar,3,1288,Fully Furnished,7,7,6,Any,1,0,0,0,0,0,0,3.5,5.1,44000
Sarjapur Road,2,816,Fully Furnished,4,7,6,Any,1,0,1,0,0,1,0,4.5,1.1,28500
Indiranagar,1,545,Unfurnished,1,5,3,Bachelor,0,1,1,1,0,1,0,0.8,3.4,34500
Whitefield,1,474,Fully Furnished,0,5,10,Any,0,0,0,0,0,1,0,4.7,0.2,22000
Banashankari,3,1332,Unfurnished,0,5,3,Bachelor,0,0,0,0,0,0,0,3.5,6.5,20000
Whitefield,2,861,Semi-Furnished,1,3,6,Bachelor,1,0,1,0,1,0,0,4.2,0.2,31500
Sadashivanagar,2,794,Semi-Furnished,7,7,20,Any,1,0,1,1,1,1,1,3.4,6.9,62500
Bellandur,1,414,Unfurnished,4,10,3,Family,0,0,0,1,0,1,0,3.4,1.0,15000
Hennur,3,1566,Fully Furnished,5,7,10,Family,0,0,1,1,0,1,0,4.6,7.2,28500
Vasanth Nagar,3,1441,Unfurnished,8,10,3,Any,0,1,0,1,1,1,0,0.6,4.4,84000
Indiranagar,2,776,Unfurnished,4,7,10,Any,1,0,1,1,1,0,1,0.7,3.5,57000
Koramangala,2,849,Semi-Furnished,3,3,20,Any,0,1,0,1,1,1,0,1.7,2.0,43000
Whitefield,1,558,Fully Furnished,0,3,3,Any,1,0,1,1,0,1,0,4.4,0.2,25500
Whitefield,3,1626,Fully Furnished,10,10,15,Family,1,0,1,1,1,0,0,4.1,0.9,56500
Marathahalli,2,1054,Fully Furnished,2,7,10,Any,1,1,1,0,1,1,0,3.2,0.3,30500
HSR Layout,3,1457,Semi-Furnished,5,5,15,Bachelor,1,0,0,1,1,0,0,2.8,1.8,51000
JP Nagar,2,1058,Semi-Furnished,4,5,1,Any,0,0,0,0,0,0,0,2.9,5.8,27000
Whitefield,3,1776,Unfurnished,2,3,20,Bachelor,1,0,0,0,1,0,0,4.5,0.9,29000
Yelahanka,3,1604,Unfurnished,7,7,6,Bachelor,0,0,1,1,1,1,1,4.4,8.8,22000
Attibele,2,1165,Semi-Furnished,5,15,15,Bachelor,0,0,0,1,0,0,0,7.6,2.1,13500
Indiranagar,3,1341,Semi-Furnished,1,10,20,Family,1,1,0,1,1,1,0,1.2,3.5,66000
Sarjapur Road,2,684,Semi-Furnished,9,10,3,Family,0,0,0,1,0,0,0,4.0,0.5,29500
JP Nagar,1,393,Fully Furnished,0,15,3,Any,0,0,0,0,1,1,1,3.0,5.4,22000
JP Nagar,2,804,Semi-Furnished,0,3,3,Any,0,1,1,1,1,1,0,3.4,5.2,28000
Bellandur,2,774,Unfurnished,6,7,6,Family,1,1,0,0,0,1,1,4.1,1.1,26500
Sarjapur Road,2,826,Unfurnished,0,3,1,Any,0,1,1,0,1,0,0,3.6,1.6,26000
Attibele,1,631,Fully Furnished,5,10,10,Bachelor,0,0,0,0,0,1,0,7.6,2.1,8000
Indiranagar,2,885,Fully Furnished,3,3,10,Bachelor,0,0,1,0,1,0,0,0.7,2.7,71500
Indiranagar,2,874,Fully Furnished,8,15,1,Family,1,0,1,0,1,1,0,0.6,3.9,79500
Bellandur,2,905,Unfurnished,2,7,1,Any,1,1,1,1,1,0,0,3.9,1.3,26000
Whitefield,2,1045,Fully Furnished,5,7,10,Any,1,1,0,0,0,0,0,3.7,1.6,37500
HSR Layout,2,916,Unfurnished,6,7,20,Bachelor,0,0,0,1,0,0,0,2.3,1.7,24000
Indiranagar,1,630,Unfurnished,3,5,20,Bachelor,1,0,1,1,1,1,0,0.9,3.7,32000
Indiranagar,2,849,Fully Furnished,5,7,6,Family,0,0,1,1,1,0,0,0.9,4.2,60000
Hennur,2,820,Unfurnished,3,5,3,Bachelor,0,1,1,0,0,0,0,4.7,7.0,21000
Jayanagar,1,565,Semi-Furnished,14,15,20,Family,1,0,1,0,1,0,0,1.7,4.7,19500
BTM Layout,3,1535,Unfurnished,4,10,6,Family,0,0,1,1,1,0,0,2.4,2.7,29500
Vasanth Nagar,3,2002,Semi-Furnished,5,10,3,Any,1,0,0,1,0,0,0,1.0,4.2,96500
BTM Layout,2,913,Fully Furnished,3,3,10,Any,0,0,0,1,1,0,1,2.3,2.8,32000
Koramangala,3,1395,Semi-Furnished,14,15,6,Bachelor,0,0,1,1,0,0,1,1.1,1.8,65000
Marathahalli,3,1088,Semi-Furnished,0,3,10,Family,0,0,0,0,0,0,0,3.4,1.5,34000
Koramangala,3,1607,Unfurnished,6,7,3,Bachelor,1,1,1,1,1,1,1,1.3,2.7,65000
Electronic City,1,690,Semi-Furnished,0,7,20,Any,1,0,1,1,0,0,0,5.5,0.5,11000
HSR Layout,3,1364,Semi-Furnished,4,5,6,Any,1,0,0,1,1,0,0,2.5,1.5,52000
Marathahalli,2,889,Unfurnished,3,7,10,Any,1,0,0,0,0,1,1,3.2,0.8,25500
Hennur,2,1022,Semi-Furnished,6,7,3,Bachelor,0,0,1,0,0,0,1,4.8,5.7,18000
Sarjapur Road,1,612,Unfurnished,9,10,1,Any,0,0,0,1,0,0,0,4.1,0.9,15000
Marathahalli,2,992,Fully Furnished,3,5,6,Family,0,0,1,1,1,0,1,3.2,0.2,33000
BTM Layout,1,532,Semi-Furnished,1,7,6,Family,0,0,1,1,1,0,1,2.6,2.3,17500
BTM Layout,1,543,Unfurnished,0,7,3,Family,1,0,1,0,1,1,0,2.0,2.2,19000
Sarjapur Road,2,950,Semi-Furnished,1,5,20,Bachelor,0,1,1,1,1,0,0,4.3,1.2,25500
Attibele,3,1489,Semi-Furnished,1,5,1,Any,0,0,1,0,0,0,0,8.1,2.9,13000
Sarjapur Road,3,1308,Fully Furnished,10,15,15,Any,1,0,1,1,1,0,0,4.3,0.4,35000
Marathahalli,2,855,Fully Furnished,0,3,6,Family,1,0,1,0,0,0,0,2.9,0.6,33500
Bellandur,3,1412,Semi-Furnished,13,15,20,Family,0,1,1,1,1,1,0,3.6,0.8,30000
Banashankari,3,1441,Fully Furnished,0,3,10,Family,0,0,0,1,1,0,0,3.0,5.6,30500
Koramangala,3,1367,Semi-Furnished,3,7,10,Family,1,0,0,0,1,0,0,1.9,2.6,68000
Marathahalli,1,558,Unfurnished,0,15,1,Bachelor,1,1,1,0,1,1,0,3.5,0.3,19500
Begur,2,820,Semi-Furnished,7,7,3,Any,0,0,0,0,1,0,0,5.3,4.0,18000
Jayanagar,3,1558,Semi-Furnished,9,10,1,Any,0,0,0,1,1,1,0,1.8,6.2,48000
Sarjapur Road,2,946,Semi-Furnished,1,5,6,Any,1,0,1,0,1,0,0,4.0,1.5,24500
Jayanagar,2,1081,Fully Furnished,10,10,1,Any,0,1,1,1,0,0,0,1.7,4.8,53000
Marathahalli,2,1073,Semi-Furnished,3,5,6,Bachelor,0,0,0,1,0,0,0,3.1,1.3,24500
Indiranagar,2,1117,Fully Furnished,1,10,15,Family,0,1,0,1,1,1,0,0.8,3.3,68000
Banashankari,2,1130,Fully Furnished,3,5,20,Bachelor,0,0,1,1,1,0,0,3.0,6.5,25000
Bellandur,1,443,Semi-Furnished,0,7,6,Bachelor,1,0,1,0,0,0,1,3.7,1.3,18500
BTM Layout,2,839,Semi-Furnished,8,20,10,Any,0,0,0,1,0,1,1,2.1,2.4,20000
Sarjapur Road,3,1242,Semi-Furnished,3,3,6,Family,1,0,1,0,1,1,0,4.1,1.2,51500
Mahadevapura,3,1322,Fully Furnished,2,7,3,Family,0,0,0,1,1,0,0,3.0,1.2,38000
Bannerghatta Rd,1,616,Semi-Furnished,2,3,1,Family,0,1,1,0,0,1,0,3.7,5.0,14500
HSR Layout,3,1253,Unfurnished,3,3,10,Any,1,1,1,1,1,1,0,2.4,1.0,48500
JP Nagar,2,1093,Semi-Furnished,2,10,6,Bachelor,0,0,1,1,1,1,0,3.0,5.6,30000
Sadashivanagar,2,922,Semi-Furnished,1,3,6,Any,1,1,0,0,1,0,0,3.7,5.7,66500
Attibele,3,1739,Unfurnished,0,10,6,Any,0,0,0,0,1,1,0,8.2,1.8,14000
Bannerghatta Rd,3,1424,Unfurnished,9,15,15,Family,0,0,1,0,1,0,0,4.1,4.0,23000
Marathahalli,3,1273,Semi-Furnished,10,10,15,Bachelor,1,1,0,1,0,0,1,3.6,0.8,43000
Electronic City,2,969,Semi-Furnished,4,5,6,Any,0,0,0,0,1,0,1,5.5,0.7,23000
Marathahalli,3,1385,Semi-Furnished,6,10,6,Bachelor,1,0,0,0,1,0,0,3.9,1.5,29000
Whitefield,1,523,Unfurnished,18,20,6,Any,1,0,1,0,0,1,1,5.0,0.2,19000
Indiranagar,2,838,Unfurnished,1,7,6,Family,0,0,1,1,1,1,1,0.8,3.5,59500
Bellandur,2,943,Semi-Furnished,4,5,6,Family,1,1,1,0,0,0,0,3.6,0.8,28500
Indiranagar,2,861,Semi-Furnished,4,15,10,Any,0,1,0,1,1,1,0,0.5,3.3,44000
Electronic City,2,1031,Unfurnished,2,3,1,Any,1,0,0,1,0,1,0,5.5,0.2,17000
Mahadevapura,3,1253,Semi-Furnished,7,10,6,Any,0,0,0,1,0,1,0,3.1,0.8,24000
Sarjapur Road,1,571,Semi-Furnished,1,5,6,Any,1,0,0,0,1,1,0,4.0,0.9,10000
Koramangala,1,503,Unfurnished,0,3,6,Any,0,1,1,0,1,0,0,1.8,2.2,23500
HSR Layout,2,1015,Unfurnished,2,10,20,Any,0,0,0,1,1,1,0,2.2,2.1,28500
HSR Layout,2,761,Unfurnished,4,5,6,Any,0,0,1,1,1,1,0,2.5,1.7,27000
BTM Layout,3,1434,Fully Furnished,4,5,15,Bachelor,1,1,1,0,1,0,0,2.1,2.4,46500
Indiranagar,2,1074,Fully Furnished,2,3,20,Family,1,1,1,1,1,1,0,0.4,2.8,58500
Bannerghatta Rd,1,616,Fully Furnished,1,10,10,Any,0,0,1,1,0,0,0,4.1,5.0,14000
Marathahalli,3,1502,Fully Furnished,11,15,3,Bachelor,0,0,0,0,1,1,0,4.1,1.7,35500
HSR Layout,2,1023,Semi-Furnished,4,7,3,Bachelor,0,0,1,0,1,0,0,2.6,1.2,36000
JP Nagar,1,518,Semi-Furnished,1,7,1,Bachelor,1,0,1,0,1,1,0,3.0,5.7,21000
Banashankari,2,1068,Semi-Furnished,4,5,3,Bachelor,0,1,1,0,0,0,0,4.2,5.8,29000
Whitefield,2,911,Unfurnished,0,15,20,Bachelor,1,0,1,1,1,0,0,4.6,0.4,21000
Marathahalli,2,902,Semi-Furnished,4,20,3,Family,1,0,1,0,0,1,0,3.5,0.8,32000
Bannerghatta Rd,2,1149,Fully Furnished,1,15,10,Any,1,0,1,1,0,1,0,3.6,4.7,22500
Yelahanka,3,1537,Semi-Furnished,3,10,10,Bachelor,1,0,1,1,0,0,0,4.2,8.3,23000
Attibele,3,1241,Semi-Furnished,3,5,6,Bachelor,0,0,0,0,0,1,0,7.9,1.9,19000
Electronic City,2,929,Unfurnished,3,5,3,Family,1,0,0,0,0,0,0,5.3,0.2,16000
Jayanagar,1,688,Semi-Furnished,12,15,3,Family,0,1,1,1,1,0,1,2.0,4.6,26500
Bannerghatta Rd,3,1383,Semi-Furnished,5,5,3,Family,1,0,1,0,1,1,0,3.6,4.4,33000
Indiranagar,2,1005,Fully Furnished,5,10,3,Any,0,1,0,0,1,1,0,1.3,3.7,69500
Electronic City,2,891,Semi-Furnished,2,3,3,Family,1,0,0,1,0,1,0,5.6,0.7,20000
JP Nagar,2,1002,Fully Furnished,1,5,6,Any,0,0,0,1,1,1,0,3.3,5.8,35500
Hennur,3,1325,Semi-Furnished,3,5,3,Family,0,0,0,1,0,0,0,4.2,7.6,24000
Hennur,2,1000,Fully Furnished,2,7,6,Family,1,1,0,0,1,1,0,4.2,7.5,22000
Electronic City,1,392,Semi-Furnished,4,10,1,Family,0,0,1,0,0,0,0,5.2,0.6,11000
Mahadevapura,2,1071,Semi-Furnished,1,5,6,Family,0,0,1,0,1,0,0,3.1,1.4,25000
HSR Layout,3,1385,Semi-Furnished,3,7,3,Any,0,0,0,1,0,0,0,2.5,1.5,50500
Indiranagar,1,564,Fully Furnished,5,5,10,Any,1,0,0,1,1,1,0,0.9,2.7,39000
JP Nagar,3,1209,Fully Furnished,14,15,20,Bachelor,1,0,1,0,1,0,0,3.3,6.3,34000
Jayanagar,2,1140,Unfurnished,2,5,10,Family,0,1,1,1,1,1,0,1.5,4.1,36000
Sarjapur Road,2,946,Unfurnished,3,3,15,Family,0,0,0,0,0,0,1,4.3,1.1,23500
BTM Layout,2,917,Fully Furnished,3,5,15,Bachelor,0,0,1,1,0,0,0,2.2,2.1,36000
Begur,1,572,Semi-Furnished,4,10,6,Any,0,0,0,1,0,0,0,5.0,4.0,9500
Whitefield,3,1222,Semi-Furnished,7,10,10,Family,0,1,0,0,0,0,0,4.4,1.0,48000
Electronic City,2,996,Semi-Furnished,16,20,15,Any,0,1,1,1,0,0,0,6.0,0.2,19500
Indiranagar,3,1324,Unfurnished,3,5,10,Bachelor,0,1,1,1,0,1,1,0.5,3.4,67000
Hennur,2,775,Fully Furnished,9,10,20,Family,0,0,0,1,1,1,0,4.2,7.0,19500
Bannerghatta Rd,1,544,Fully Furnished,3,7,6,Bachelor,0,0,0,0,0,1,1,3.9,3.7,16000
Yelahanka,1,496,Semi-Furnished,0,3,6,Family,0,1,1,0,1,1,1,4.0,9.0,18000
Whitefield,2,998,Semi-Furnished,5,7,6,Any,0,0,0,1,1,1,0,4.9,0.8,26500
Mahadevapura,3,1397,Fully Furnished,5,10,6,Family,0,1,0,0,1,1,0,2.6,0.8,33500
Jayanagar,2,1037,Unfurnished,3,5,3,Any,1,0,0,1,1,1,0,0.9,4.4,35500
Marathahalli,2,922,Fully Furnished,2,3,15,Family,0,0,1,0,1,1,0,4.0,1.3,29000
JP Nagar,2,1072,Unfurnished,3,5,6,Any,1,0,0,1,1,1,0,3.0,6.0,26000
Sadashivanagar,2,865,Semi-Furnished,4,5,3,Family,0,0,1,0,1,1,0,3.5,6.0,70000
BTM Layout,2,988,Fully Furnished,6,10,3,Any,0,0,1,0,1,0,0,1.7,2.3,37000
Koramangala,3,1138,Semi-Furnished,7,10,1,Any,1,1,1,0,0,0,0,1.2,1.6,70000
Koramangala,2,673,Semi-Furnished,2,7,6,Any,0,0,0,1,0,0,0,1.3,1.9,39500
Indiranagar,2,710,Semi-Furnished,1,20,1,Bachelor,0,0,1,1,1,1,0,0.5,3.3,57500
Begur,1,483,Semi-Furnished,0,3,15,Any,0,0,0,0,0,0,0,5.0,2.9,8500
Marathahalli,3,1549,Unfurnished,10,10,10,Family,0,0,1,1,1,0,0,3.6,1.2,40000
Begur,1,616,Fully Furnished,17,20,3,Family,0,0,0,0,1,0,0,4.8,2.9,11500
Banashankari,1,402,Fully Furnished,1,3,1,Bachelor,0,0,0,0,0,0,0,3.2,6.5,15500
BTM Layout,2,865,Semi-Furnished,20,20,1,Family,1,0,1,1,1,1,0,2.0,2.8,26500
Marathahalli,2,1025,Semi-Furnished,3,15,1,Any,1,0,0,1,1,1,0,3.3,0.7,34500
Banashankari,2,1215,Unfurnished,14,20,15,Family,0,0,0,1,1,1,0,3.7,5.5,21000
Indiranagar,2,1061,Unfurnished,0,5,1,Bachelor,0,0,1,1,1,0,0,0.8,3.5,39500
Whitefield,3,1408,Semi-Furnished,0,5,1,Bachelor,0,0,0,0,0,1,0,4.5,0.2,41500
Vasanth Nagar,1,542,Fully Furnished,1,5,20,Bachelor,0,1,0,1,1,1,0,1.2,4.1,33500
Whitefield,3,1588,Semi-Furnished,9,15,10,Any,1,0,1,1,1,1,1,4.8,0.6,43500
Sarjapur Road,2,806,Fully Furnished,2,10,15,Family,0,0,1,1,1,0,1,4.0,0.6,38000
Sadashivanagar,2,907,Unfurnished,9,10,15,Bachelor,1,0,1,1,0,1,0,3.0,6.1,57500
Koramangala,2,893,Semi-Furnished,10,20,15,Family,0,0,0,1,0,1,0,1.5,3.0,45000
Mahadevapura,2,1040,Unfurnished,2,5,15,Any,1,0,0,1,0,1,0,3.3,1.9,19500
Banashankari,3,1338,Semi-Furnished,5,5,1,Any,0,0,1,1,1,1,1,3.5,5.5,35000
Koramangala,2,855,Unfurnished,3,10,10,Any,1,0,0,1,1,0,0,1.0,2.6,30000
Attibele,2,890,Fully Furnished,3,3,15,Family,0,0,0,0,0,1,0,7.8,2.4,14000
Koramangala,2,965,Unfurnished,3,5,15,Family,1,0,1,1,1,0,1,1.0,3.3,53500
Sarjapur Road,3,1409,Fully Furnished,1,5,20,Family,0,0,1,0,0,1,0,4.3,0.9,44000
Attibele,2,1043,Semi-Furnished,3,3,20,Family,0,0,0,1,0,0,0,8.2,2.1,12500
HSR Layout,3,1687,Fully Furnished,1,5,15,Family,0,0,1,1,1,1,0,2.1,2.4,52000
Sadashivanagar,2,1019,Semi-Furnished,3,15,1,Any,1,1,1,1,1,1,0,3.4,6.7,84500
Indiranagar,1,456,Fully Furnished,9,15,1,Family,0,0,1,1,0,1,0,1.1,3.5,39000
HSR Layout,1,619,Unfurnished,15,15,15,Bachelor,0,1,1,1,1,0,0,2.8,1.6,21500
Indiranagar,2,1086,Fully Furnished,7,7,10,Any,1,0,0,0,0,0,1,1.3,3.4,64000
Sarjapur Road,1,418,Fully Furnished,3,5,1,Any,0,0,0,0,0,0,0,3.7,2.4,15500
Koramangala,1,304,Unfurnished,3,5,15,Family,1,1,1,1,1,1,1,1.1,2.6,25500
Marathahalli,3,1495,Unfurnished,4,7,1,Family,1,1,0,1,1,0,0,3.6,1.4,35500
Attibele,3,1261,Semi-Furnished,2,3,6,Bachelor,0,0,0,0,1,0,0,7.6,3.1,17000
Electronic City,2,750,Fully Furnished,3,3,10,Family,0,1,0,1,0,0,1,5.5,1.0,27000
Whitefield,1,511,Semi-Furnished,1,3,15,Bachelor,1,0,0,0,0,0,1,4.8,1.1,20000
HSR Layout,1,639,Semi-Furnished,0,7,10,Family,0,0,0,0,1,0,1,2.3,2.1,17000
Whitefield,1,705,Unfurnished,1,15,15,Any,0,0,1,0,0,0,0,3.9,0.4,13500
Marathahalli,2,839,Unfurnished,1,3,15,Any,1,1,0,1,0,1,1,3.7,0.3,21500
JP Nagar,3,1003,Fully Furnished,2,7,10,Bachelor,0,0,1,0,1,1,0,3.2,5.2,41500
Indiranagar,2,638,Unfurnished,0,3,20,Family,0,1,1,1,1,0,0,0.7,3.5,41000
Hennur,1,496,Semi-Furnished,9,10,10,Family,0,0,1,0,0,0,0,4.8,6.9,12500
Banashankari,2,1010,Fully Furnished,15,15,1,Any,1,1,1,0,0,0,1,3.3,5.6,28500
Jayanagar,2,838,Unfurnished,4,15,3,Bachelor,1,0,1,1,0,1,0,1.5,4.9,21500
BTM Layout,2,1066,Semi-Furnished,4,10,15,Family,1,0,0,0,1,0,0,2.1,3.1,28500
JP Nagar,2,977,Unfurnished,0,7,6,Family,1,0,0,0,0,0,0,3.0,6.1,20000
Electronic City,2,1156,Semi-Furnished,2,10,10,Family,0,0,0,1,0,1,0,5.7,0.8,14000
Bellandur,1,558,Unfurnished,7,7,1,Any,0,0,1,1,1,1,0,3.6,1.2,17500
Mahadevapura,1,533,Fully Furnished,5,5,10,Family,0,0,0,0,1,1,1,3.3,2.7,19500
Koramangala,3,1199,Semi-Furnished,4,5,6,Bachelor,0,0,1,1,1,1,0,1.0,1.7,78000
JP Nagar,1,631,Semi-Furnished,4,10,15,Bachelor,0,0,1,0,0,0,0,3.3,5.9,13500
Yelahanka,1,539,Semi-Furnished,1,3,3,Bachelor,0,0,1,0,0,1,0,4.0,7.6,13000
Koramangala,1,549,Unfurnished,6,10,15,Any,1,0,1,1,1,1,0,1.6,2.2,26000
HSR Layout,1,656,Fully Furnished,1,3,6,Any,0,0,1,1,1,0,1,2.6,2.3,26500
Mahadevapura,2,1006,Semi-Furnished,1,5,3,Bachelor,0,0,0,1,0,0,0,3.3,0.7,22500
Indiranagar,3,1521,Semi-Furnished,2,5,10,Family,0,0,0,1,1,1,1,0.3,2.5,91500
Marathahalli,2,986,Unfurnished,7,7,10,Bachelor,1,0,1,0,1,0,0,3.0,0.8,24500
Vasanth Nagar,2,955,Semi-Furnished,2,5,3,Bachelor,1,0,1,0,1,0,0,1.2,4.6,65500
Koramangala,2,845,Unfurnished,1,10,1,Bachelor,0,0,1,1,0,1,0,1.1,1.4,43000
HSR Layout,2,1152,Semi-Furnished,1,10,3,Any,1,0,0,1,1,1,0,2.5,2.8,38000
Begur,3,1150,Unfurnished,1,5,15,Family,0,0,0,0,0,0,0,4.9,3.5,13500
Electronic City,3,1223,Fully Furnished,5,5,6,Bachelor,0,0,0,1,0,1,0,5.3,0.6,31000
Begur,1,573,Unfurnished,3,3,10,Family,0,0,0,0,1,1,0,4.7,3.4,9500
Yelahanka,3,1522,Fully Furnished,0,5,6,Any,1,0,0,1,1,0,1,4.0,7.3,29500
Indiranagar,2,862,Fully Furnished,2,3,6,Family,1,1,0,0,1,1,1,0.8,3.2,52000
Marathahalli,3,1486,Unfurnished,5,10,15,Any,0,1,0,1,1,1,1,3.1,0.4,33500
Banashankari,2,1101,Semi-Furnished,2,7,10,Family,1,1,0,1,0,0,1,3.2,6.4,19000
Electronic City,3,1389,Unfurnished,1,10,3,Bachelor,1,0,0,0,0,0,0,5.7,0.2,23500
Indiranagar,3,1360,Semi-Furnished,4,7,6,Any,1,0,0,1,1,0,0,1.2,3.7,78500
Yelahanka,1,486,Fully Furnished,2,3,6,Family,0,0,0,1,0,0,0,3.5,8.2,14000
Sadashivanagar,2,1111,Semi-Furnished,0,5,15,Any,1,0,1,1,1,1,0,3.4,6.5,67500
BTM Layout,3,1477,Semi-Furnished,3,3,3,Bachelor,0,0,0,0,1,1,1,2.0,1.2,41500
Bellandur,3,1341,Unfurnished,0,7,3,Bachelor,0,0,1,1,0,0,0,3.1,1.2,33000
Yelahanka,1,674,Semi-Furnished,6,10,10,Family,0,1,1,0,0,0,0,3.9,7.5,14000
BTM Layout,2,886,Unfurnished,1,7,10,Bachelor,0,0,0,0,0,0,0,2.3,3.0,21500
JP Nagar,2,1049,Fully Furnished,1,15,3,Bachelor,0,0,1,0,0,0,0,3.6,4.6,29000
Banashankari,1,478,Semi-Furnished,2,3,10,Bachelor,1,0,0,0,1,0,0,3.3,6.2,14500
Mahadevapura,2,939,Fully Furnished,0,10,10,Any,1,0,0,1,0,0,1,3.1,1.0,22500
Hennur,1,603,Unfurnished,5,7,3,Bachelor,0,0,0,0,0,0,0,3.9,5.8,9500
Begur,3,1709,Semi-Furnished,0,3,6,Family,1,0,0,1,0,1,0,5.3,4.2,16500
Mahadevapura,2,1029,Semi-Furnished,5,5,15,Family,0,0,1,0,1,1,0,3.2,2.3,21000
BTM Layout,3,1556,Unfurnished,7,7,15,Family,0,0,1,0,1,0,0,2.2,3.1,30000
Sarjapur Road,1,535,Semi-Furnished,1,20,6,Family,0,0,1,1,0,0,0,3.9,1.0,19000
Banashankari,2,1082,Fully Furnished,7,10,15,Any,0,1,1,0,0,0,0,4.3,6.1,25500
HSR Layout,1,591,Fully Furnished,9,10,6,Any,0,0,1,1,0,1,0,2.5,2.1,20500
Electronic City,1,558,Semi-Furnished,1,3,1,Family,0,0,0,1,0,0,0,5.2,0.7,10500
Koramangala,1,476,Semi-Furnished,2,10,10,Any,1,1,1,0,1,1,1,1.8,2.1,29500
Bannerghatta Rd,1,563,Unfurnished,1,10,6,Bachelor,0,0,0,1,1,1,0,3.8,4.9,9500
Banashankari,2,918,Fully Furnished,7,7,3,Any,0,0,0,1,0,1,1,3.3,6.0,25500
Whitefield,2,840,Unfurnished,2,5,6,Any,0,0,0,1,0,0,0,4.5,0.5,29000
Sarjapur Road,2,906,Fully Furnished,8,10,10,Any,0,1,0,0,0,0,0,4.4,1.7,35000
Hennur,2,947,Semi-Furnished,2,5,3,Family,0,1,0,0,0,0,0,3.9,7.2,20000
Whitefield,3,1456,Semi-Furnished,4,7,3,Family,0,0,0,0,0,0,0,4.2,0.2,37500
Whitefield,3,1641,Fully Furnished,1,5,15,Family,0,0,1,1,1,0,0,4.5,0.5,42000
Koramangala,2,792,Unfurnished,1,7,6,Any,1,0,1,0,1,1,0,1.3,2.7,47000
Marathahalli,2,1097,Semi-Furnished,3,3,6,Family,0,0,0,0,0,1,0,3.3,0.7,31000
Sadashivanagar,1,444,Semi-Furnished,2,3,15,Any,1,0,1,0,1,1,1,3.6,5.3,32000
Bellandur,3,1005,Unfurnished,5,5,1,Family,0,0,0,1,1,1,1,3.4,1.3,34500
Marathahalli,1,452,Semi-Furnished,3,7,6,Any,0,1,0,0,1,0,0,3.7,0.9,15500
Sarjapur Road,2,631,Semi-Furnished,10,20,20,Family,0,1,0,1,1,1,1,4.2,1.0,27500
Koramangala,2,914,Fully Furnished,2,5,6,Family,1,1,0,0,1,1,1,1.1,2.6,46000
Indiranagar,2,990,Unfurnished,13,15,6,Family,1,1,1,1,0,0,0,1.1,2.5,60000
Bellandur,1,577,Fully Furnished,2,7,15,Bachelor,1,1,1,1,0,1,0,4.2,0.7,22000
Indiranagar,3,1493,Unfurnished,4,5,6,Family,0,0,1,1,1,1,0,0.9,3.8,75500
Indiranagar,1,552,Unfurnished,5,7,15,Any,0,1,1,0,1,1,0,0.9,4.8,34000
Koramangala,2,1060,Unfurnished,4,15,1,Family,1,1,1,0,0,1,1,1.6,1.9,35000
Begur,1,514,Unfurnished,3,5,10,Family,0,1,0,0,1,0,0,5.2,3.8,11000
Bellandur,1,536,Unfurnished,2,5,3,Any,1,1,1,1,0,0,0,3.9,0.7,13500
BTM Layout,3,1567,Fully Furnished,1,3,6,Family,1,0,1,0,0,0,0,1.7,2.7,45000
HSR Layout,1,483,Semi-Furnished,7,7,1,Any,0,1,0,0,0,0,0,2.4,1.7,28000
BTM Layout,3,923,Unfurnished,1,5,15,Any,0,0,1,0,0,0,0,1.9,2.9,37000
Mahadevapura,2,897,Unfurnished,13,20,3,Family,0,0,0,1,0,0,0,2.7,1.5,18000
Sarjapur Road,1,674,Fully Furnished,0,7,20,Family,0,0,1,0,0,0,0,4.3,1.4,15500
Jayanagar,3,1101,Fully Furnished,7,15,10,Family,1,0,1,0,1,1,0,1.5,4.9,59500
Jayanagar,1,473,Unfurnished,0,3,1,Any,0,1,1,0,0,0,0,1.9,4.6,19500
Indiranagar,3,1513,Unfurnished,1,3,10,Bachelor,1,0,0,1,1,0,0,0.8,3.2,70000
Sarjapur Road,1,608,Unfurnished,14,20,15,Bachelor,1,0,1,0,0,0,0,4.0,1.0,15500
Mahadevapura,3,1465,Unfurnished,8,10,6,Any,1,1,0,0,1,0,1,2.9,1.8,27000
HSR Layout,1,493,Unfurnished,6,10,15,Family,0,0,0,1,0,0,0,2.1,1.6,15000
Koramangala,2,982,Semi-Furnished,3,10,3,Any,1,0,0,1,1,1,1,1.3,1.8,46500
Indiranagar,3,1307,Unfurnished,3,3,3,Any,1,1,1,0,1,1,0,1.9,4.0,71500
Begur,3,1026,Semi-Furnished,3,7,20,Bachelor,1,0,1,0,0,0,0,5.3,3.9,17500
HSR Layout,3,1480,Unfurnished,2,5,20,Any,0,0,1,1,1,1,0,2.7,1.9,35000
Mahadevapura,3,1099,Fully Furnished,7,15,1,Any,0,0,1,1,1,0,0,2.7,1.6,38000
Whitefield,3,1238,Fully Furnished,3,5,15,Family,0,0,1,1,1,1,0,4.4,0.3,53000
JP Nagar,1,803,Semi-Furnished,5,10,10,Bachelor,0,0,1,1,0,0,0,3.4,5.8,16500
Jayanagar,2,998,Semi-Furnished,1,7,15,Bachelor,0,0,0,1,1,0,0,1.6,5.2,27000
Indiranagar,2,986,Semi-Furnished,1,7,10,Family,0,1,1,1,1,0,0,0.5,3.1,47000
Whitefield,2,1052,Semi-Furnished,9,10,6,Any,1,0,0,0,1,1,0,4.5,0.3,28000
Mahadevapura,2,795,Fully Furnished,7,15,6,Family,0,0,1,0,0,1,1,3.2,1.8,31500
Whitefield,2,1020,Semi-Furnished,4,10,10,Any,0,1,1,0,0,0,1,4.8,0.2,27500
Marathahalli,1,560,Fully Furnished,2,5,6,Bachelor,0,1,1,1,1,0,1,3.1,0.2,21500
Koramangala,2,944,Fully Furnished,6,7,15,Family,0,0,1,1,0,0,1,1.3,2.3,52000
Begur,1,635,Semi-Furnished,1,7,6,Any,0,0,0,0,0,0,0,5.0,4.4,11000
Mahadevapura,2,982,Semi-Furnished,0,10,6,Any,0,0,1,0,1,0,1,3.5,1.4,19000
HSR Layout,2,894,Unfurnished,1,7,6,Bachelor,1,0,1,0,0,1,0,2.3,1.5,26000
Begur,3,1341,Unfurnished,12,20,3,Family,0,1,0,0,0,0,0,5.2,3.3,20000
Whitefield,2,1082,Semi-Furnished,0,3,3,Family,1,0,1,0,0,0,0,4.7,0.2,36000
Whitefield,2,880,Unfurnished,6,7,6,Family,1,0,1,0,1,0,0,4.5,1.2,20500
Bellandur,1,586,Fully Furnished,1,10,6,Family,0,1,1,1,0,0,0,4.4,1.3,20500
Electronic City,2,977,Unfurnished,15,15,3,Bachelor,1,0,0,1,0,0,0,5.3,0.3,13000
Sarjapur Road,1,535,Semi-Furnished,1,5,6,Any,1,1,0,0,0,1,0,4.4,0.9,21000
Indiranagar,2,839,Semi-Furnished,4,7,10,Bachelor,0,0,1,0,1,1,1,1.2,4.4,51500
BTM Layout,2,921,Semi-Furnished,5,15,10,Any,0,0,1,0,1,1,0,2.0,2.0,29500
Bannerghatta Rd,1,456,Semi-Furnished,4,7,10,Any,1,0,1,0,0,1,0,4.1,5.4,10500
Vasanth Nagar,2,976,Fully Furnished,1,5,3,Bachelor,0,0,1,1,0,0,1,1.0,3.7,66000
BTM Layout,3,1221,Semi-Furnished,19,20,1,Any,1,0,0,1,0,0,0,2.2,0.8,38000
Banashankari,3,1253,Semi-Furnished,5,15,10,Bachelor,1,1,1,0,0,0,1,3.2,5.7,26500
Banashankari,2,787,Unfurnished,3,5,6,Any,0,0,1,1,1,0,1,3.6,5.9,17000
Whitefield,1,468,Semi-Furnished,4,10,10,Family,0,0,0,0,1,0,0,5.2,0.4,15500
Bannerghatta Rd,1,437,Fully Furnished,0,10,10,Family,0,0,0,0,1,1,1,4.6,4.0,17500
HSR Layout,2,965,Semi-Furnished,2,5,10,Any,1,1,1,1,1,1,0,2.2,1.7,37000
Indiranagar,3,1165,Fully Furnished,10,10,3,Bachelor,1,0,1,1,0,1,0,1.3,3.8,103500
Jayanagar,1,568,Semi-Furnished,1,3,6,Any,1,0,0,1,1,0,0,1.2,5.3,25000
Hennur,3,1699,Unfurnished,3,3,6,Any,0,0,0,0,1,1,0,5.0,7.8,18500
Whitefield,1,544,Unfurnished,5,5,6,Family,0,0,1,0,1,1,0,4.6,0.4,15500
HSR Layout,3,1343,Semi-Furnished,13,15,20,Bachelor,0,0,0,0,1,0,1,2.8,1.6,45500
Electronic City,2,861,Semi-Furnished,5,10,6,Family,1,0,0,0,0,0,1,4.9,0.9,19000
Hennur,3,1341,Fully Furnished,0,5,15,Bachelor,0,0,1,1,1,0,0,3.9,6.4,22500
Electronic City,2,831,Unfurnished,1,5,15,Any,0,0,1,0,1,0,0,5.6,0.2,12000
Bannerghatta Rd,2,858,Semi-Furnished,3,3,1,Family,0,0,0,1,0,0,0,4.0,4.2,16500
HSR Layout,1,562,Semi-Furnished,6,7,3,Bachelor,1,0,1,1,1,1,0,2.8,1.2,21500
Bellandur,1,579,Semi-Furnished,0,5,3,Any,1,0,0,1,0,1,0,3.9,0.2,16000
Banashankari,3,1343,Unfurnished,0,5,3,Family,0,0,1,0,0,1,0,4.0,6.3,24000
Electronic City,3,1329,Unfurnished,1,7,1,Any,1,0,1,0,1,0,0,5.2,0.2,19500
Bellandur,3,1472,Unfurnished,4,5,10,Bachelor,0,0,1,0,0,1,0,3.9,0.2,38000
Mahadevapura,2,855,Unfurnished,11,15,20,Any,0,0,1,1,0,0,0,3.3,2.3,16000
Sarjapur Road,3,1259,Unfurnished,4,7,10,Family,0,0,1,1,1,1,0,4.0,1.4,35000
Jayanagar,1,679,Unfurnished,6,7,15,Family,1,0,1,0,0,1,0,1.2,5.5,19000
Marathahalli,2,878,Semi-Furnished,3,5,10,Bachelor,0,0,1,0,1,1,0,4.0,0.8,26000
Attibele,2,907,Semi-Furnished,5,7,6,Family,0,0,0,0,0,0,0,7.4,2.7,14000
Bannerghatta Rd,2,1043,Fully Furnished,2,3,10,Any,0,0,0,0,0,0,0,4.1,4.8,17000
Koramangala,2,960,Unfurnished,0,5,6,Family,0,0,1,1,0,1,0,0.8,1.5,39000
Sadashivanagar,1,567,Semi-Furnished,20,20,20,Any,1,0,0,0,1,1,0,4.1,6.8,33500
Indiranagar,2,712,Semi-Furnished,0,5,6,Bachelor,0,0,1,1,1,1,0,0.5,3.6,45000
Bellandur,3,1284,Unfurnished,2,7,10,Family,0,0,1,1,1,0,0,3.3,1.0,32500
Electronic City,2,1092,Fully Furnished,4,5,6,Family,0,0,0,0,0,0,0,5.5,0.7,22000
Vasanth Nagar,1,396,Unfurnished,3,7,10,Bachelor,1,0,1,1,0,1,1,0.9,3.0,28500
Marathahalli,1,545,Fully Furnished,3,3,3,Bachelor,1,0,1,0,0,1,1,3.5,0.2,22500
Electronic City,1,504,Fully Furnished,5,15,10,Family,0,0,0,0,0,0,0,5.6,0.4,11500
Bellandur,2,966,Semi-Furnished,3,3,10,Any,0,1,1,0,1,1,0,3.9,0.7,24000
Marathahalli,2,827,Semi-Furnished,2,7,15,Family,0,1,0,1,0,1,0,3.5,0.3,23500
Whitefield,2,998,Semi-Furnished,5,7,15,Bachelor,0,1,0,0,0,0,1,4.4,0.3,29500
Marathahalli,2,988,Semi-Furnished,0,3,15,Bachelor,1,0,1,0,1,0,0,3.2,2.1,24000
HSR Layout,2,1000,Semi-Furnished,2,3,15,Family,0,0,0,1,0,0,1,2.3,2.3,34500
Marathahalli,3,1354,Unfurnished,13,20,15,Any,0,0,1,0,0,1,1,3.5,1.4,31000
Sarjapur Road,1,410,Unfurnished,3,7,6,Family,1,1,1,1,1,1,1,4.1,1.9,18000
Hennur,2,785,Semi-Furnished,3,7,10,Family,0,0,0,0,0,0,0,4.8,7.6,13500
Whitefield,3,1460,Semi-Furnished,0,5,6,Family,1,1,1,0,0,1,0,4.1,1.3,34500
Mahadevapura,1,603,Fully Furnished,0,5,15,Bachelor,0,0,1,1,1,0,0,3.7,1.6,18500
Sadashivanagar,1,656,Unfurnished,2,5,15,Bachelor,1,0,1,1,1,1,0,3.2,6.5,29500
Banashankari,3,1189,Fully Furnished,8,15,1,Any,0,0,0,1,0,0,0,3.6,6.6,40000
Koramangala,2,1034,Unfurnished,2,5,3,Family,0,1,0,1,1,1,1,1.4,2.0,38500
HSR Layout,2,868,Semi-Furnished,5,5,10,Family,0,1,1,0,0,1,0,2.6,1.4,29500
Bellandur,1,502,Semi-Furnished,10,10,3,Any,0,0,1,0,1,1,0,3.9,1.1,18500
Attibele,2,735,Semi-Furnished,0,3,15,Family,0,0,1,0,1,0,1,8.1,2.0,11000
Indiranagar,2,1122,Unfurnished,5,20,6,Any,1,0,1,1,1,0,0,1.1,4.1,45500
JP Nagar,1,550,Semi-Furnished,9,10,3,Family,1,0,1,1,0,0,0,2.8,5.4,21000
Electronic City,2,847,Fully Furnished,14,15,6,Any,0,0,0,1,0,0,0,5.7,0.3,19000
Jayanagar,1,499,Semi-Furnished,2,3,6,Family,0,0,1,1,1,0,0,1.2,5.1,25500
Marathahalli,2,969,Semi-Furnished,8,10,6,Bachelor,1,0,1,0,1,1,1,3.4,2.0,27000
Bellandur,1,514,Fully Furnished,2,15,6,Family,1,0,0,0,1,1,1,3.7,0.9,16000
Whitefield,1,656,Fully Furnished,5,10,3,Family,0,1,0,1,0,0,0,4.8,0.7,22500
Jayanagar,2,977,Semi-Furnished,0,3,6,Family,1,0,1,1,1,0,0,1.6,4.6,42000
BTM Layout,1,400,Unfurnished,3,5,1,Family,1,0,1,0,1,1,0,2.4,3.1,20000
Mahadevapura,3,1203,Fully Furnished,1,10,6,Family,1,0,0,0,0,1,0,2.8,1.8,34000
Marathahalli,1,540,Semi-Furnished,2,3,6,Bachelor,0,0,1,0,1,0,0,3.5,0.8,16500
Koramangala,2,1000,Unfurnished,7,10,10,Bachelor,0,0,1,1,1,1,0,1.0,1.4,45000
Mahadevapura,1,462,Unfurnished,6,7,10,Any,0,0,1,1,1,0,0,3.1,2.1,14000
Koramangala,2,1096,Fully Furnished,6,15,6,Any,0,0,1,1,1,1,1,1.5,2.3,53000
Bellandur,3,1285,Unfurnished,3,10,6,Bachelor,0,1,1,1,1,1,0,3.9,1.2,34500
Jayanagar,1,565,Fully Furnished,2,5,1,Bachelor,0,1,1,1,0,0,0,1.3,4.9,30500
Begur,3,1314,Unfurnished,0,7,6,Bachelor,1,1,1,0,0,0,0,5.4,4.2,16500
BTM Layout,1,530,Fully Furnished,0,3,3,Bachelor,1,0,0,0,1,1,0,2.3,2.5,21500
BTM Layout,2,950,Semi-Furnished,2,5,10,Any,0,0,0,1,1,1,0,2.2,2.7,24500
Sadashivanagar,2,1099,Semi-Furnished,5,5,3,Family,1,1,1,1,0,1,1,3.8,6.4,76500
HSR Layout,3,1405,Fully Furnished,14,15,3,Family,1,0,0,1,1,0,0,2.4,1.5,62500
Hennur,2,960,Semi-Furnished,7,10,3,Any,0,0,1,0,0,1,0,4.7,5.7,16500
Attibele,2,894,Semi-Furnished,2,3,6,Family,0,0,0,0,1,1,0,7.8,2.1,10000
BTM Layout,1,526,Unfurnished,5,5,6,Any,1,0,1,0,1,1,0,2.7,2.1,14500
Banashankari,1,574,Unfurnished,0,3,15,Any,1,0,0,1,1,0,1,4.0,6.9,12000
Bellandur,3,1620,Unfurnished,1,7,20,Family,0,1,0,1,0,0,0,3.3,1.0,27000
Hennur,2,977,Semi-Furnished,1,3,3,Family,1,0,1,1,0,1,0,4.1,7.6,22500
Whitefield,2,1003,Unfurnished,2,7,15,Bachelor,1,0,0,0,1,1,0,4.2,0.7,24500
JP Nagar,3,1245,Unfurnished,4,7,6,Bachelor,0,1,1,0,1,0,0,2.7,6.2,36000
JP Nagar,2,1252,Semi-Furnished,4,10,10,Family,0,0,0,0,0,1,0,3.3,5.4,22000
Sarjapur Road,3,1034,Semi-Furnished,2,3,1,Any,0,1,0,0,1,1,0,4.0,0.7,34500
Koramangala,2,863,Fully Furnished,4,10,20,Bachelor,0,1,1,0,1,1,0,0.9,2.1,45000
Whitefield,2,1039,Unfurnished,14,15,10,Family,1,1,1,0,0,1,0,4.0,0.2,31000
BTM Layout,3,879,Unfurnished,7,7,20,Family,0,0,1,1,0,1,0,2.4,2.3,33000
Mahadevapura,1,595,Fully Furnished,1,15,6,Any,0,1,1,1,0,0,0,3.4,1.2,20500
Indiranagar,2,802,Unfurnished,7,10,15,Family,1,0,0,1,1,0,0,0.7,3.1,42500
Whitefield,2,1091,Fully Furnished,2,10,10,Any,0,0,0,1,1,0,1,4.8,1.0,28000
Yelahanka,1,535,Fully Furnished,2,7,1,Bachelor,0,0,1,0,0,1,0,3.8,8.0,18500
Whitefield,2,1062,Fully Furnished,11,15,20,Bachelor,1,1,0,0,1,1,0,4.7,0.9,29500
Koramangala,3,1158,Unfurnished,6,10,3,Any,1,1,1,1,0,0,1,1.2,2.7,69000
Whitefield,2,848,Fully Furnished,5,15,6,Any,1,1,1,1,1,0,0,4.8,0.6,39000
Marathahalli,2,1046,Fully Furnished,0,3,1,Family,1,0,1,1,0,0,0,3.4,0.8,30000
Marathahalli,3,1763,Semi-Furnished,0,5,1,Family,0,0,0,1,0,1,1,3.7,1.5,29000
Whitefield,2,865,Semi-Furnished,0,10,1,Any,0,0,0,0,0,0,0,4.5,0.2,28000
Sarjapur Road,2,727,Unfurnished,0,5,6,Bachelor,0,0,1,1,1,1,0,4.2,1.1,24500
Electronic City,2,836,Unfurnished,0,20,3,Family,1,0,1,1,0,0,1,4.9,0.2,18500
HSR Layout,3,1072,Semi-Furnished,2,20,10,Any,1,0,0,0,1,0,0,2.5,1.7,51500
Electronic City,2,768,Semi-Furnished,1,5,3,Family,0,0,1,1,0,0,0,5.9,0.6,19000
Yelahanka,3,1094,Semi-Furnished,2,3,15,Family,1,1,1,1,0,0,0,4.3,7.4,25500
Indiranagar,3,1508,Semi-Furnished,1,3,15,Family,0,0,0,0,1,0,1,0.3,3.4,60500
Koramangala,2,1045,Semi-Furnished,0,5,15,Bachelor,0,0,1,0,1,0,0,1.1,1.5,44000
BTM Layout,2,923,Semi-Furnished,0,5,6,Any,0,1,1,0,1,1,0,2.1,3.4,29500
Mahadevapura,3,1585,Fully Furnished,1,5,15,Family,0,0,0,0,0,0,0,3.8,1.2,32500
Sarjapur Road,2,918,Unfurnished,0,3,6,Family,0,0,0,1,0,0,0,3.9,1.4,22500
Mahadevapura,3,1533,Semi-Furnished,15,15,15,Family,0,1,0,1,0,0,0,3.4,2.1,32000
Marathahalli,3,1115,Unfurnished,0,10,10,Any,0,0,0,0,0,1,0,2.9,0.3,33000
Banashankari,2,1109,Semi-Furnished,4,5,20,Family,0,0,0,1,0,0,0,3.5,5.9,18500
Sadashivanagar,2,899,Fully Furnished,6,7,15,Any,0,0,1,1,0,1,0,3.3,5.7,62500
BTM Layout,3,1173,Fully Furnished,2,5,3,Family,0,0,1,1,0,1,0,1.9,2.3,45500
Banashankari,3,1732,Unfurnished,1,5,15,Any,1,0,0,1,0,1,1,3.7,6.1,29500
Indiranagar,2,1001,Fully Furnished,3,5,6,Family,1,1,1,1,1,1,0,0.7,3.4,61500
Vasanth Nagar,1,610,Unfurnished,4,15,15,Any,1,0,1,1,1,1,1,1.1,3.8,33000
Whitefield,2,1022,Semi-Furnished,3,3,10,Family,0,0,0,1,1,1,0,4.5,0.2,28000
Bellandur,2,1025,Unfurnished,0,7,20,Family,0,1,1,1,1,1,0,3.3,0.6,21500
Attibele,2,1160,Fully Furnished,0,3,6,Any,1,0,0,0,0,1,0,7.9,2.8,16000
Bannerghatta Rd,2,879,Semi-Furnished,1,3,15,Any,0,0,1,0,1,0,0,4.0,5.1,17500
Whitefield,2,844,Semi-Furnished,4,5,20,Bachelor,0,0,1,1,0,1,0,4.2,1.4,28000
JP Nagar,2,809,Fully Furnished,2,5,3,Any,0,0,0,1,0,0,0,3.2,5.6,28500
Whitefield,1,650,Unfurnished,3,3,6,Bachelor,0,0,1,1,1,1,1,4.4,0.4,18500
Mahadevapura,2,949,Unfurnished,7,15,20,Any,1,0,1,0,1,0,0,3.4,1.5,18000
Indiranagar,2,942,Fully Furnished,0,5,10,Family,1,0,1,1,1,1,0,0.7,3.2,64500
JP Nagar,1,515,Semi-Furnished,1,7,1,Bachelor,0,0,1,0,1,0,0,2.6,4.9,15500
Electronic City,2,897,Unfurnished,0,10,10,Bachelor,1,0,1,1,1,1,0,5.5,0.2,16500
JP Nagar,2,952,Semi-Furnished,3,5,6,Family,1,1,0,0,1,0,1,3.1,5.6,24000
Whitefield,2,1014,Semi-Furnished,1,5,1,Any,0,0,1,1,0,1,0,4.4,1.0,31500
Whitefield,1,595,Unfurnished,4,7,1,Family,0,0,1,1,1,1,0,4.5,0.9,18500
Jayanagar,3,1645,Unfurnished,1,15,10,Family,1,1,0,1,1,1,1,1.5,5.0,44500
BTM Layout,2,1065,Unfurnished,0,3,15,Bachelor,0,0,0,1,1,1,1,2.1,3.3,22500
BTM Layout,3,1229,Semi-Furnished,2,10,3,Any,0,0,0,1,1,0,0,2.0,2.0,35000
Koramangala,2,823,Fully Furnished,6,7,15,Family,0,1,1,0,1,0,0,1.1,1.9,50000
Koramangala,2,1016,Fully Furnished,2,7,10,Family,1,0,1,1,0,0,0,1.4,2.8,48500
Electronic City,3,1228,Semi-Furnished,14,15,3,Any,0,0,0,0,1,0,0,6.1,0.2,23000
HSR Layout,2,1109,Unfurnished,6,7,20,Family,0,0,1,1,1,1,0,2.7,2.4,26000
Marathahalli,2,830,Fully Furnished,2,5,20,Any,0,0,0,1,1,0,0,2.8,0.3,26500
HSR Layout,2,942,Semi-Furnished,0,7,6,Any,1,1,0,0,1,0,0,2.6,1.3,37000
Bannerghatta Rd,2,893,Unfurnished,5,10,6,Bachelor,0,0,0,1,0,0,0,3.9,3.7,15000
HSR Layout,1,511,Fully Furnished,5,5,15,Any,0,1,0,1,1,1,0,2.3,2.0,22500
JP Nagar,1,692,Fully Furnished,10,10,1,Any,0,1,1,0,1,1,0,3.2,5.7,24000
Hennur,1,557,Fully Furnished,1,10,3,Bachelor,0,0,1,0,0,1,0,4.5,6.7,12500
Electronic City,1,758,Fully Furnished,4,15,3,Bachelor,0,0,1,0,0,0,0,6.0,0.3,12000
Jayanagar,3,1434,Unfurnished,3,3,3,Any,0,0,1,1,0,1,0,1.7,5.5,45500
Electronic City,1,599,Unfurnished,5,5,3,Bachelor,0,0,0,1,1,0,0,5.2,0.3,11000
Banashankari,2,1017,Semi-Furnished,1,5,10,Any,1,1,0,0,0,1,0,3.4,6.6,24000
Yelahanka,3,1296,Unfurnished,0,3,20,Family,0,0,0,0,0,0,0,4.1,8.0,22500
Indiranagar,2,789,Semi-Furnished,7,15,10,Family,0,0,0,1,0,0,0,1.1,3.6,55000
Indiranagar,1,498,Fully Furnished,6,7,20,Family,1,0,1,1,1,1,1,0.7,3.4,35500
Bellandur,2,869,Fully Furnished,6,7,1,Family,1,1,0,1,0,0,0,3.8,1.0,34500
Yelahanka,2,818,Semi-Furnished,7,15,3,Family,0,0,1,1,1,1,0,3.8,7.7,25500
Banashankari,2,900,Fully Furnished,4,5,10,Any,0,1,0,1,0,0,1,3.3,6.1,21500
Bellandur,3,1227,Fully Furnished,0,7,10,Any,0,0,1,0,1,0,0,3.4,0.7,35000
Mahadevapura,3,1530,Semi-Furnished,0,7,1,Any,0,0,1,1,1,0,1,3.0,1.8,28500
Sadashivanagar,2,982,Unfurnished,0,3,6,Bachelor,1,1,1,1,1,0,0,3.6,5.2,51500
Whitefield,2,757,Unfurnished,1,5,3,Any,1,0,1,1,1,1,0,4.3,0.2,28000
Indiranagar,2,1130,Semi-Furnished,2,5,10,Bachelor,0,0,0,1,1,0,0,0.9,3.4,52500
Bellandur,1,602,Unfurnished,5,7,6,Any,0,0,1,0,1,0,0,3.2,1.2,14000
Sarjapur Road,3,1218,Unfurnished,0,5,1,Family,0,0,1,1,0,1,0,4.7,1.2,31000
Begur,1,686,Unfurnished,0,5,3,Any,0,0,0,1,0,0,0,4.6,4.0,9500
Koramangala,2,1062,Semi-Furnished,7,7,10,Any,1,0,0,1,1,0,0,1.5,2.4,55500
Koramangala,3,1461,Fully Furnished,1,10,15,Family,0,0,1,1,1,1,1,1.1,2.3,79000
HSR Layout,2,916,Unfurnished,2,5,10,Bachelor,0,0,1,1,0,1,0,2.6,1.4,26500
HSR Layout,2,1075,Fully Furnished,1,5,15,Bachelor,0,0,0,1,1,1,0,2.7,1.8,41500
HSR Layout,2,819,Semi-Furnished,7,10,3,Family,0,1,0,0,0,0,0,2.5,2.4,39500
Bannerghatta Rd,3,1638,Unfurnished,7,10,6,Bachelor,0,0,0,0,1,0,0,4.2,4.5,19500
HSR Layout,2,891,Fully Furnished,9,10,20,Family,1,0,1,1,1,0,0,2.2,1.9,39500
HSR Layout,3,1579,Semi-Furnished,3,5,3,Family,1,0,1,0,1,1,1,2.4,1.0,52500
Bellandur,1,438,Semi-Furnished,1,5,1,Any,1,0,0,0,0,1,1,3.9,1.7,17500
Banashankari,3,1262,Fully Furnished,7,7,3,Bachelor,0,0,1,1,0,1,0,3.5,5.6,29000
Mahadevapura,3,1244,Unfurnished,5,5,3,Any,0,1,0,0,0,1,0,3.5,1.4,31000
Koramangala,1,575,Semi-Furnished,7,7,6,Any,1,1,1,1,0,1,0,0.9,2.4,34000
Yelahanka,2,897,Unfurnished,4,7,15,Family,0,0,1,0,1,1,1,4.4,7.9,18500
Koramangala,1,527,Fully Furnished,1,3,6,Bachelor,1,1,1,0,1,0,0,0.9,1.9,33500
Koramangala,2,970,Semi-Furnished,1,10,3,Any,0,0,1,1,1,1,0,1.1,3.6,46000
Bannerghatta Rd,2,894,Semi-Furnished,6,7,15,Any,1,0,0,0,1,0,0,3.9,3.6,20000
Indiranagar,2,942,Unfurnished,1,7,6,Family,0,0,0,1,1,1,0,0.9,3.0,43500
Marathahalli,1,463,Semi-Furnished,6,10,6,Any,1,0,0,1,0,0,0,3.7,0.2,22500
JP Nagar,1,599,Fully Furnished,4,5,15,Any,1,1,0,0,1,1,0,2.8,5.8,20000
BTM Layout,1,452,Semi-Furnished,5,5,3,Any,0,0,1,1,0,0,0,2.6,2.3,20500
Hennur,2,1017,Semi-Furnished,2,5,6,Any,0,0,0,1,0,0,0,5.2,6.9,15500
Koramangala,2,1083,Semi-Furnished,6,10,20,Family,0,1,1,1,1,0,0,1.0,2.8,37000
Sarjapur Road,3,1466,Fully Furnished,2,5,20,Any,1,0,0,0,1,1,0,3.9,2.3,38500
Begur,2,913,Semi-Furnished,9,15,15,Any,0,0,1,0,0,0,0,5.0,3.2,10500
Marathahalli,2,756,Fully Furnished,4,5,10,Family,1,0,1,1,1,0,0,3.0,1.6,32000
Bannerghatta Rd,3,1204,Fully Furnished,4,5,6,Any,0,0,0,0,0,0,0,4.4,5.0,25500
Koramangala,2,890,Semi-Furnished,14,20,6,Bachelor,0,0,1,1,1,1,0,1.2,1.5,42500
JP Nagar,3,1208,Unfurnished,3,7,10,Bachelor,0,0,0,1,1,1,1,2.9,5.6,33500
HSR Layout,2,774,Semi-Furnished,0,5,10,Bachelor,1,0,0,1,0,0,0,2.0,1.8,24000
Bellandur,2,932,Fully Furnished,7,7,1,Family,0,1,0,1,1,0,0,3.8,1.2,35000
Attibele,1,629,Unfurnished,1,5,3,Bachelor,1,1,1,0,0,0,0,8.0,2.2,10000
HSR Layout,2,1051,Semi-Furnished,3,7,1,Any,1,0,1,0,0,1,1,1.9,2.6,28000
Sarjapur Road,1,620,Fully Furnished,16,20,3,Family,1,0,0,1,0,1,1,4.4,1.4,21500
Jayanagar,2,907,Semi-Furnished,16,20,6,Family,1,1,1,0,1,0,0,1.8,5.2,36500
Marathahalli,2,899,Semi-Furnished,0,7,3,Family,1,0,0,1,1,0,1,3.1,1.4,26500
Banashankari,2,1251,Unfurnished,10,10,6,Bachelor,0,0,0,1,1,0,0,3.2,6.6,15500
Begur,2,668,Unfurnished,14,20,3,Any,1,0,0,0,0,0,1,4.9,3.1,11500
Whitefield,1,542,Fully Furnished,1,5,6,Any,0,0,1,0,1,0,0,4.6,1.0,24000
BTM Layout,2,1079,Unfurnished,0,5,6,Any,1,0,1,1,1,0,0,1.9,1.8,24000
Indiranagar,2,882,Unfurnished,3,3,20,Bachelor,0,0,0,1,1,0,0,1.1,3.2,47500
Sadashivanagar,3,1424,Fully Furnished,2,7,10,Family,0,1,1,1,0,0,1,2.7,5.8,104000
Vasanth Nagar,2,732,Semi-Furnished,0,3,6,Any,1,0,1,1,1,0,1,0.8,3.2,57500
HSR Layout,3,1436,Fully Furnished,9,10,1,Any,0,1,1,1,1,1,0,2.7,2.4,70000
Electronic City,3,1716,Fully Furnished,7,15,3,Bachelor,0,0,0,0,0,0,0,5.2,0.2,30000
Marathahalli,2,973,Unfurnished,4,5,6,Any,0,0,0,1,1,1,0,3.6,1.2,22500
Marathahalli,1,654,Unfurnished,0,5,3,Any,1,0,0,0,1,0,1,3.2,1.0,14000
Indiranagar,2,1235,Fully Furnished,1,3,6,Any,0,0,1,1,1,1,1,1.0,2.0,58500
Hennur,2,834,Semi-Furnished,1,3,6,Family,0,0,0,0,0,0,0,4.5,6.4,12500
Bellandur,2,1068,Unfurnished,3,15,15,Any,0,0,1,0,0,0,0,4.2,0.7,17500
Koramangala,2,1236,Fully Furnished,4,7,3,Family,1,0,1,0,1,1,1,1.0,2.4,64500
Sarjapur Road,2,1134,Unfurnished,0,5,10,Family,0,0,0,1,0,0,0,3.9,1.3,22500
Marathahalli,2,914,Fully Furnished,1,5,15,Bachelor,0,0,1,1,1,1,1,3.6,1.0,22500
Indiranagar,2,999,Unfurnished,2,3,10,Family,1,0,1,1,1,0,0,0.5,3.3,41500
Banashankari,1,624,Unfurnished,2,3,10,Family,1,1,0,1,1,0,1,3.1,5.4,16500
Yelahanka,3,1974,Unfurnished,2,15,10,Family,0,0,0,1,1,0,0,4.3,6.9,17500
Sadashivanagar,1,527,Fully Furnished,5,10,6,Any,1,0,1,1,1,1,1,3.3,5.9,43000
Bannerghatta Rd,1,488,Semi-Furnished,1,3,1,Any,0,0,0,0,0,0,0,3.8,4.8,14000
Electronic City,2,1053,Fully Furnished,7,10,10,Any,1,1,0,0,1,1,0,5.7,1.1,25500
Sarjapur Road,2,1053,Semi-Furnished,10,20,3,Family,1,1,0,1,0,0,0,4.2,1.7,26000
Banashankari,2,903,Semi-Furnished,5,5,15,Bachelor,1,0,0,0,1,1,0,3.3,5.1,20000
JP Nagar,2,962,Unfurnished,0,3,6,Any,0,0,1,1,1,1,0,2.7,5.3,20000
Sarjapur Road,2,1027,Semi-Furnished,14,20,6,Family,0,0,0,1,1,0,0,3.9,1.0,29000
Marathahalli,2,873,Semi-Furnished,3,7,15,Any,0,0,1,0,1,1,0,3.1,0.6,25000
Koramangala,3,1545,Semi-Furnished,3,5,10,Any,1,0,1,1,1,1,0,1.0,2.9,57500
Marathahalli,3,1473,Unfurnished,7,10,1,Family,1,0,0,1,0,1,0,3.4,0.8,40000
Electronic City,2,975,Fully Furnished,2,15,20,Any,1,0,0,0,0,1,0,5.7,0.2,14000
Banashankari,2,1181,Unfurnished,2,5,20,Any,1,0,0,1,0,0,0,3.6,5.7,16500
Koramangala,2,756,Fully Furnished,3,5,3,Family,0,0,1,1,1,0,0,0.9,2.3,63500
Mahadevapura,1,533,Unfurnished,7,7,20,Family,1,0,0,1,0,0,0,2.9,1.0,13000
Jayanagar,2,819,Semi-Furnished,5,7,3,Family,0,1,1,1,0,1,0,2.0,5.6,37500
HSR Layout,2,1061,Semi-Furnished,1,7,6,Family,1,1,1,1,0,0,0,2.7,1.8,38500
Sadashivanagar,3,1242,Semi-Furnished,0,7,10,Bachelor,1,1,1,1,1,1,1,3.2,5.8,99500
BTM Layout,1,641,Semi-Furnished,7,7,6,Bachelor,1,1,1,1,0,0,0,2.3,2.9,16000
Bellandur,2,862,Semi-Furnished,1,3,3,Family,1,0,0,0,0,0,0,3.6,1.1,21500
Marathahalli,2,1065,Semi-Furnished,3,3,6,Any,1,0,1,1,1,0,0,3.5,0.2,28500
Jayanagar,2,872,Fully Furnished,2,5,10,Family,1,0,1,0,0,1,0,1.3,5.2,40500
Hennur,1,707,Semi-Furnished,3,7,1,Family,0,0,1,1,1,0,1,4.6,6.7,12000
Hennur,3,1026,Fully Furnished,4,7,10,Family,0,0,0,0,0,0,0,5.0,6.5,24000
Hennur,2,992,Unfurnished,5,5,6,Bachelor,1,0,0,1,0,0,0,4.7,6.8,15500
HSR Layout,2,996,Semi-Furnished,4,15,6,Bachelor,1,1,1,1,1,1,1,2.5,1.5,38000
Banashankari,1,590,Semi-Furnished,15,15,3,Family,1,0,1,1,0,0,1,3.4,5.8,17000
Attibele,2,808,Semi-Furnished,5,7,20,Family,1,0,0,0,0,0,0,7.9,2.2,13000
Mahadevapura,2,872,Semi-Furnished,0,3,3,Any,0,1,1,0,1,0,1,3.3,1.2,20000
Koramangala,1,471,Semi-Furnished,0,5,20,Any,0,1,0,1,1,1,0,1.3,1.6,23500
Koramangala,1,614,Unfurnished,2,3,6,Family,1,1,1,1,0,1,0,1.1,1.6,20500
Banashankari,3,1577,Unfurnished,12,15,10,Family,1,0,1,0,0,0,0,3.3,6.3,34000
Bannerghatta Rd,1,554,Unfurnished,2,5,1,Bachelor,0,1,0,1,1,0,0,4.1,4.8,14000
Marathahalli,1,479,Semi-Furnished,3,3,1,Any,0,0,1,0,1,1,1,3.4,0.5,20500
Yelahanka,2,1056,Semi-Furnished,18,20,10,Family,0,0,0,0,1,1,0,3.8,8.3,18000
Indiranagar,3,1349,Fully Furnished,1,5,6,Any,0,1,0,1,1,1,0,1.0,3.3,93500
Sarjapur Road,1,561,Fully Furnished,19,20,10,Bachelor,0,1,0,0,0,0,0,3.9,1.8,24500
Electronic City,2,906,Unfurnished,2,20,15,Bachelor,0,0,0,0,0,1,0,5.7,0.2,12000
JP Nagar,1,559,Fully Furnished,20,20,10,Bachelor,1,0,0,0,0,1,0,3.1,6.0,15500
Mahadevapura,1,532,Fully Furnished,3,7,3,Any,0,1,0,0,0,0,0,3.6,2.3,21500
Begur,1,496,Semi-Furnished,1,3,15,Any,0,0,0,0,0,0,0,4.7,3.5,9500
Jayanagar,3,1487,Semi-Furnished,1,5,3,Family,0,0,1,1,0,1,0,1.4,4.3,58500
Marathahalli,1,341,Fully Furnished,1,7,3,Family,0,0,1,1,0,1,0,3.5,0.6,21000
HSR Layout,1,654,Semi-Furnished,2,5,3,Bachelor,1,0,0,0,0,1,0,1.7,1.8,20500
Mahadevapura,2,1049,Fully Furnished,2,10,6,Family,0,1,1,0,0,0,0,3.2,2.1,25000
Whitefield,3,1667,Unfurnished,1,3,3,Any,0,0,1,1,0,0,0,4.1,0.2,41500
Whitefield,2,1015,Unfurnished,1,7,3,Any,1,0,1,1,1,1,0,3.9,0.7,30500
Mahadevapura,2,956,Semi-Furnished,2,7,15,Any,1,0,0,1,1,0,0,2.5,2.3,22000
JP Nagar,1,612,Semi-Furnished,10,10,15,Any,0,1,0,1,1,0,0,3.1,5.3,18500
Bannerghatta Rd,2,970,Fully Furnished,5,5,6,Family,0,0,0,1,0,0,0,4.1,4.6,19500
Marathahalli,2,818,Fully Furnished,0,5,1,Any,0,0,1,1,1,1,0,3.6,1.8,33000
Sadashivanagar,2,908,Semi-Furnished,1,7,6,Any,1,1,1,1,1,0,1,3.5,6.0,73500
Sarjapur Road,2,1069,Unfurnished,6,7,6,Family,0,1,0,0,0,1,0,4.1,0.8,18000
Mahadevapura,2,967,Fully Furnished,5,10,3,Any,0,0,0,0,1,0,0,3.3,1.0,31500
BTM Layout,1,500,Semi-Furnished,5,7,10,Family,1,0,1,1,1,0,0,2.5,3.0,18000
Electronic City,2,888,Unfurnished,5,7,20,Any,1,1,1,0,0,0,0,5.5,0.4,17000
Bannerghatta Rd,1,474,Semi-Furnished,2,7,10,Bachelor,1,0,0,1,1,0,0,4.2,5.0,12500
HSR Layout,3,1583,Fully Furnished,5,7,3,Family,0,0,0,0,1,1,1,2.2,2.8,59000
Attibele,3,1532,Fully Furnished,1,5,6,Any,0,0,0,0,1,0,1,7.7,1.9,19000
Sadashivanagar,3,1185,Semi-Furnished,3,5,1,Bachelor,0,0,1,0,0,1,0,3.6,5.6,102000
Jayanagar,3,1550,Semi-Furnished,2,7,15,Family,0,0,0,0,0,0,1,1.3,5.6,50000
Jayanagar,2,855,Fully Furnished,2,20,3,Family,0,0,1,1,1,0,0,1.7,5.2,49000
Hennur,2,926,Semi-Furnished,6,7,6,Bachelor,1,0,0,1,1,0,0,4.4,7.7,16500
Sarjapur Road,2,906,Semi-Furnished,7,7,1,Bachelor,0,1,1,0,1,0,0,3.5,0.9,33000
Sadashivanagar,2,990,Unfurnished,3,7,6,Any,0,0,1,0,1,1,0,3.3,5.6,59000
Banashankari,2,946,Fully Furnished,1,10,20,Any,0,0,0,1,0,0,0,3.2,6.0,22500
Whitefield,2,710,Unfurnished,6,7,1,Bachelor,1,0,1,0,1,1,1,4.6,0.4,31000
Indiranagar,3,1149,Unfurnished,2,3,6,Any,0,1,0,0,1,1,0,0.8,3.7,73000
Hennur,2,918,Semi-Furnished,3,7,6,Bachelor,1,0,1,1,1,0,1,4.3,6.8,18000
Electronic City,2,953,Unfurnished,8,10,3,Any,1,0,0,1,1,0,0,5.6,0.8,20000
Marathahalli,3,1509,Semi-Furnished,1,5,20,Family,0,1,0,1,1,1,0,3.8,0.9,29500
Begur,1,559,Unfurnished,1,5,1,Family,0,0,0,1,0,1,0,5.3,3.6,11000
JP Nagar,2,1016,Semi-Furnished,10,10,20,Bachelor,0,0,0,1,1,1,0,3.6,4.9,23000
Attibele,3,1282,Unfurnished,2,7,20,Family,0,1,0,0,0,1,0,7.3,1.9,15000
Sarjapur Road,2,1170,Unfurnished,1,5,15,Any,1,0,1,1,1,0,0,4.1,1.4,24500
Whitefield,2,1010,Unfurnished,6,10,6,Any,1,1,0,0,1,0,1,4.8,0.4,32000
Sadashivanagar,1,583,Fully Furnished,6,15,20,Family,1,1,1,1,0,0,0,3.3,6.2,41000
Hennur,2,1154,Fully Furnished,3,5,15,Bachelor,0,0,0,0,1,0,0,4.4,7.1,18000
JP Nagar,3,1396,Unfurnished,3,7,15,Any,0,0,0,1,0,0,0,3.1,5.2,27500
Sadashivanagar,2,1074,Fully Furnished,1,5,6,Any,0,0,0,1,0,1,0,4.3,4.8,78500
Koramangala,2,1054,Semi-Furnished,6,20,10,Family,0,0,1,1,1,0,0,1.1,2.7,42000
Marathahalli,1,483,Fully Furnished,12,20,6,Family,1,1,0,1,1,1,0,3.4,0.3,21500
Marathahalli,1,755,Semi-Furnished,8,10,3,Any,0,0,1,0,1,0,0,3.6,0.9,14500
Bellandur,3,1167,Semi-Furnished,5,7,6,Bachelor,0,0,0,0,1,1,1,4.1,1.5,43000
Hennur,2,1048,Unfurnished,5,5,3,Family,1,0,0,0,1,1,0,4.9,5.7,19500
Indiranagar,2,1003,Semi-Furnished,3,3,20,Family,1,1,1,1,1,1,1,0.7,2.9,59000
Bellandur,1,537,Fully Furnished,1,7,15,Any,0,0,0,0,0,0,0,3.2,2.1,15500
Jayanagar,2,1176,Semi-Furnished,2,3,10,Any,0,1,0,0,1,1,1,1.4,5.6,45500
Electronic City,3,1301,Unfurnished,4,10,15,Any,0,0,1,1,0,0,0,5.9,0.2,19500
Electronic City,2,941,Unfurnished,5,10,10,Any,0,0,0,1,0,1,0,5.1,0.7,14500
Marathahalli,1,514,Fully Furnished,5,7,6,Any,0,0,0,1,1,1,0,3.3,1.4,18500
Bellandur,2,938,Semi-Furnished,5,10,15,Family,0,0,1,1,0,1,0,3.9,0.9,28500
BTM Layout,3,1524,Semi-Furnished,5,7,3,Any,0,0,1,0,0,1,0,2.4,2.0,40000
Yelahanka,2,808,Fully Furnished,6,15,10,Family,1,1,0,0,1,1,0,3.8,8.0,30000
Electronic City,3,1274,Unfurnished,0,5,15,Any,1,0,1,0,0,0,0,5.4,0.4,19500
Banashankari,2,1031,Semi-Furnished,0,3,3,Bachelor,0,0,0,1,1,0,0,3.8,6.1,20500
BTM Layout,3,1215,Fully Furnished,3,7,10,Family,1,0,1,1,0,0,0,2.3,2.7,45000
Yelahanka,2,893,Semi-Furnished,5,20,10,Any,0,0,1,0,1,0,0,3.6,7.7,18000
Electronic City,1,499,Unfurnished,2,5,3,Any,0,0,1,0,1,0,0,5.2,0.2,12000
BTM Layout,2,1015,Semi-Furnished,0,7,15,Family,0,0,1,0,1,0,0,2.4,2.8,26500
Jayanagar,1,622,Fully Furnished,2,10,3,Bachelor,1,1,1,0,0,1,0,1.6,4.6,30000
Bellandur,3,1292,Unfurnished,6,20,3,Family,1,0,1,1,1,1,1,3.7,1.1,42500
Electronic City,3,1484,Fully Furnished,2,15,6,Bachelor,0,0,0,1,1,0,0,5.6,0.2,31000
Indiranagar,2,916,Fully Furnished,11,15,15,Any,1,0,1,1,0,1,0,0.7,3.5,65000
HSR Layout,2,814,Unfurnished,1,3,1,Family,0,0,0,0,1,1,0,2.3,2.3,24000
Sadashivanagar,1,644,Fully Furnished,2,3,3,Any,1,1,1,0,1,1,0,3.3,5.6,44000
BTM Layout,3,1486,Semi-Furnished,7,7,1,Family,0,0,0,0,0,1,0,1.7,2.9,39000
Banashankari,2,1135,Semi-Furnished,7,10,15,Any,0,0,0,1,0,0,0,3.5,6.2,23000
Bellandur,1,463,Fully Furnished,4,5,3,Any,0,0,1,1,0,1,0,3.4,1.5,24000
Sarjapur Road,2,978,Fully Furnished,3,5,10,Family,1,1,1,1,0,1,0,4.1,1.8,33000
Whitefield,1,495,Unfurnished,3,10,1,Family,0,1,1,0,1,0,0,4.3,0.9,17000
BTM Layout,2,859,Semi-Furnished,4,5,20,Any,0,1,0,1,0,0,0,2.6,2.4,24000
Electronic City,2,935,Semi-Furnished,1,15,20,Any,0,0,0,0,0,1,0,5.9,0.7,13500
Yelahanka,1,562,Semi-Furnished,6,7,10,Family,0,0,0,1,0,0,0,4.7,8.0,10000
Begur,3,1579,Semi-Furnished,1,3,6,Bachelor,0,0,1,0,0,0,1,4.8,3.3,21500
Whitefield,1,529,Unfurnished,1,15,15,Family,0,1,0,1,0,1,0,5.0,0.2,17000
Indiranagar,1,540,Semi-Furnished,2,3,6,Family,0,0,0,1,1,1,1,0.7,3.8,32500
Sarjapur Road,1,384,Semi-Furnished,1,7,6,Bachelor,1,0,0,1,0,0,0,4.3,0.5,21500
BTM Layout,3,1396,Unfurnished,5,10,15,Family,0,0,1,1,1,1,0,1.6,2.2,36000
Sarjapur Road,2,955,Fully Furnished,3,5,3,Any,0,0,1,1,0,0,0,3.9,0.6,31500
Koramangala,2,977,Fully Furnished,1,5,20,Any,1,0,1,0,0,1,0,1.0,1.8,44500
Jayanagar,1,536,Semi-Furnished,3,3,6,Any,0,0,1,1,1,0,1,1.8,4.6,25000
Electronic City,1,632,Unfurnished,0,7,10,Any,0,0,0,1,0,0,0,5.5,0.4,10000
Vasanth Nagar,2,827,Semi-Furnished,2,5,3,Any,1,0,1,1,1,1,0,1.0,3.6,43500
Electronic City,3,1162,Unfurnished,3,3,3,Bachelor,0,0,0,0,0,0,0,5.6,0.2,22500
HSR Layout,3,1581,Unfurnished,3,7,15,Bachelor,0,1,0,0,1,0,0,2.6,2.2,33000
Whitefield,1,579,Fully Furnished,5,7,10,Any,1,0,1,1,0,0,0,4.0,0.2,19000
Sarjapur Road,2,949,Unfurnished,4,5,20,Bachelor,1,0,0,1,0,0,1,4.0,2.1,19000
Marathahalli,3,1321,Unfurnished,1,7,3,Family,0,0,0,0,1,1,0,3.5,0.7,33000
HSR Layout,2,760,Unfurnished,11,15,10,Any,0,0,1,1,1,1,0,2.8,2.6,24000
Vasanth Nagar,3,1490,Unfurnished,7,7,10,Any,1,0,0,1,1,1,0,0.8,4.2,68000
Koramangala,1,572,Unfurnished,3,3,3,Any,0,0,1,1,1,1,0,1.1,1.9,29000
HSR Layout,3,1333,Fully Furnished,5,7,6,Bachelor,0,1,0,1,1,1,0,2.6,2.1,45500
Sarjapur Road,3,1534,Unfurnished,3,20,10,Any,0,0,0,1,1,1,1,3.8,0.9,22000
Bannerghatta Rd,3,1345,Unfurnished,10,15,6,Any,0,1,1,1,1,0,0,3.7,3.5,24000
Hennur,2,909,Unfurnished,2,5,3,Family,0,0,0,1,1,1,0,4.1,6.6,13000
Mahadevapura,2,936,Fully Furnished,2,7,3,Any,0,0,0,1,0,0,0,3.0,1.3,27000
Mahadevapura,3,1615,Semi-Furnished,2,10,10,Family,0,1,1,0,0,0,0,2.8,1.3,31000
Sarjapur Road,2,939,Semi-Furnished,0,3,1,Bachelor,1,0,1,1,0,0,0,4.8,1.8,27500
HSR Layout,2,860,Fully Furnished,0,5,20,Bachelor,0,0,1,1,1,0,0,3.0,2.0,43000
Bannerghatta Rd,2,1030,Semi-Furnished,0,7,10,Family,0,1,0,0,0,0,0,4.2,4.4,16000
Sarjapur Road,3,1146,Semi-Furnished,5,10,10,Family,0,1,0,1,0,1,1,3.9,1.1,44500
Marathahalli,3,1532,Unfurnished,9,10,6,Bachelor,0,0,0,0,1,1,0,3.1,1.6,30500
Indiranagar,1,564,Semi-Furnished,4,7,15,Family,1,0,0,1,1,1,1,0.8,3.7,33500
Banashankari,3,1244,Semi-Furnished,4,7,1,Family,0,1,1,0,1,0,1,3.4,7.0,35500
Banashankari,2,876,Semi-Furnished,14,15,3,Any,1,1,1,1,0,1,0,3.6,5.6,23000
Hennur,1,426,Unfurnished,7,7,6,Family,0,0,1,0,0,0,0,5.2,7.1,8500
Marathahalli,2,995,Semi-Furnished,5,10,6,Bachelor,1,0,1,1,0,1,0,3.3,1.4,25500
JP Nagar,2,1062,Unfurnished,3,5,20,Any,1,1,1,0,0,0,1,2.7,5.3,21500
Begur,2,893,Unfurnished,5,7,3,Family,1,0,0,0,0,0,0,4.4,3.6,11000
Indiranagar,3,1527,Semi-Furnished,1,3,15,Family,1,0,0,1,1,1,0,0.7,3.5,59000
JP Nagar,2,741,Fully Furnished,2,3,10,Bachelor,0,0,0,0,0,1,0,3.1,5.7,31000
Koramangala,2,945,Semi-Furnished,10,10,6,Any,1,0,1,1,1,1,0,1.4,1.1,41000
Bellandur,3,1605,Semi-Furnished,6,7,6,Any,0,0,1,1,1,1,0,3.6,0.7,37500
Bannerghatta Rd,2,930,Unfurnished,4,20,6,Any,1,0,1,0,0,1,0,4.3,4.2,19500
HSR Layout,3,1326,Unfurnished,0,10,1,Any,1,1,0,0,1,0,0,3.0,1.4,44500
Electronic City,2,769,Unfurnished,4,7,15,Family,0,0,0,0,0,0,1,5.8,0.2,12000
HSR Layout,3,1263,Semi-Furnished,3,5,10,Family,1,0,1,1,1,1,0,2.1,2.2,53000
Bannerghatta Rd,1,530,Unfurnished,6,7,1,Family,0,1,0,1,1,0,0,4.1,4.6,12000
Bellandur,3,1441,Unfurnished,1,5,20,Family,0,0,0,1,0,0,1,4.0,0.7,23500
Electronic City,1,427,Fully Furnished,5,5,6,Any,1,0,0,0,0,1,0,5.4,1.1,14500
Koramangala,2,763,Unfurnished,2,5,3,Any,1,0,1,1,1,1,0,1.4,3.4,47500
Begur,3,1385,Semi-Furnished,2,7,6,Family,0,0,0,0,0,0,0,5.1,4.3,16000
Bellandur,2,1105,Semi-Furnished,7,7,15,Any,0,0,1,1,0,0,0,3.9,1.7,23000
HSR Layout,2,905,Semi-Furnished,3,3,3,Family,1,0,0,1,1,1,0,2.6,2.0,45000
Electronic City,2,853,Semi-Furnished,4,5,3,Bachelor,0,0,1,1,1,1,0,5.4,0.2,19500
HSR Layout,2,1195,Semi-Furnished,2,5,3,Any,1,0,0,1,1,1,0,2.6,1.5,43000
Hennur,1,473,Unfurnished,0,7,10,Bachelor,0,0,0,0,1,0,0,4.5,7.4,9500
Indiranagar,1,515,Fully Furnished,5,15,1,Bachelor,0,0,1,1,1,1,0,0.4,3.7,40000
Sarjapur Road,2,938,Fully Furnished,5,5,3,Family,1,0,1,1,0,0,0,4.3,1.1,38500
Marathahalli,2,920,Unfurnished,0,7,10,Bachelor,0,1,1,1,1,0,0,3.9,0.6,23500
Indiranagar,1,509,Unfurnished,5,5,6,Any,1,0,1,1,0,1,0,1.1,2.6,27000
HSR Layout,2,1112,Fully Furnished,1,5,10,Any,0,0,1,1,0,0,0,2.2,2.1,29000
Koramangala,2,957,Semi-Furnished,1,5,10,Bachelor,0,0,1,0,0,0,0,1.2,2.5,39000
Banashankari,1,558,Semi-Furnished,15,15,1,Bachelor,0,0,1,0,1,1,0,3.2,5.1,13000
HSR Layout,2,913,Semi-Furnished,8,10,3,Any,0,1,1,1,1,1,0,2.5,1.5,41500
Whitefield,3,1423,Unfurnished,0,7,10,Any,0,0,0,1,1,0,0,4.1,0.5,31000
HSR Layout,1,683,Semi-Furnished,0,15,6,Family,0,0,0,1,0,1,0,2.4,1.9,20500
HSR Layout,2,859,Semi-Furnished,12,15,15,Bachelor,0,0,1,0,1,1,0,2.4,1.3,32500
Bellandur,2,850,Unfurnished,6,10,6,Any,0,0,0,0,0,0,0,4.0,1.1,24500
Koramangala,2,1082,Semi-Furnished,5,15,3,Bachelor,1,1,0,1,1,1,0,1.2,2.6,57000
Bannerghatta Rd,2,819,Fully Furnished,1,15,10,Family,0,0,0,1,0,1,0,3.5,4.2,20000
Electronic City,2,863,Semi-Furnished,4,5,15,Bachelor,0,1,0,1,0,1,0,5.6,0.2,17500
Sarjapur Road,2,1043,Unfurnished,5,5,10,Family,0,0,1,0,0,1,0,3.8,0.8,22000
Whitefield,1,547,Semi-Furnished,3,3,1,Bachelor,1,1,0,1,1,1,0,4.4,0.7,20500
Hennur,2,673,Fully Furnished,0,7,6,Bachelor,0,0,1,0,0,0,0,4.3,7.0,20000
Jayanagar,2,1027,Fully Furnished,2,10,10,Any,0,0,1,1,1,0,0,1.6,5.6,34000
Indiranagar,1,585,Semi-Furnished,2,20,15,Bachelor,1,0,1,1,0,1,1,1.0,3.6,32500
HSR Layout,2,942,Unfurnished,5,5,6,Family,0,1,1,1,0,1,1,2.1,1.6,31500
Mahadevapura,3,1536,Fully Furnished,2,3,6,Family,0,0,1,0,0,1,0,3.4,1.1,40500
Koramangala,2,985,Semi-Furnished,7,10,10,Any,0,1,1,1,0,1,0,1.2,2.1,41000
Whitefield,2,849,Unfurnished,2,5,6,Family,0,1,1,1,1,1,0,4.3,1.5,22500
Attibele,3,1361,Semi-Furnished,7,7,6,Bachelor,0,0,0,1,0,0,0,8.0,2.9,16000
Electronic City,2,934,Semi-Furnished,16,20,20,Family,0,0,0,1,0,0,0,5.2,0.3,11000
Marathahalli,2,794,Semi-Furnished,4,7,6,Any,1,0,1,1,0,0,1,3.4,0.5,28500
Koramangala,3,1467,Unfurnished,3,3,10,Bachelor,0,1,1,1,1,1,0,0.8,2.1,60500
Electronic City,3,1365,Semi-Furnished,7,7,20,Family,0,0,1,0,0,0,0,5.2,0.2,25000
Whitefield,2,1069,Fully Furnished,0,5,1,Family,1,0,0,1,1,1,0,5.1,0.3,42000
Indiranagar,2,1007,Fully Furnished,7,7,6,Any,0,0,1,1,1,1,0,0.3,3.6,63500
Indiranagar,2,890,Fully Furnished,7,10,3,Bachelor,1,0,1,1,1,1,0,0.6,3.6,70500
Bannerghatta Rd,3,1453,Fully Furnished,1,5,1,Any,0,0,0,0,1,0,0,3.8,4.7,31000
Sarjapur Road,2,1100,Unfurnished,19,20,15,Any,1,0,1,1,1,0,0,4.0,0.4,25500
Electronic City,1,471,Semi-Furnished,5,15,20,Any,0,0,0,0,1,0,0,5.6,0.2,11000
Hennur,3,1936,Semi-Furnished,6,15,1,Family,0,0,0,1,0,1,0,4.4,6.7,20500
Whitefield,2,871,Fully Furnished,4,10,3,Any,1,1,0,1,1,0,0,4.5,0.4,33000
Marathahalli,1,665,Unfurnished,0,10,1,Family,1,1,0,1,1,0,0,3.6,1.5,17500
Banashankari,2,859,Fully Furnished,9,10,15,Family,1,0,1,1,0,1,0,3.5,6.0,27000
BTM Layout,2,1014,Semi-Furnished,0,3,1,Any,0,0,1,1,1,1,0,2.2,2.6,29500
Banashankari,3,1508,Fully Furnished,1,5,10,Family,0,1,0,0,0,0,0,4.3,5.3,36000
Mahadevapura,1,548,Unfurnished,3,10,6,Family,0,0,0,0,1,0,0,3.5,1.3,13500
Whitefield,3,1627,Unfurnished,1,3,20,Family,0,0,1,0,1,1,0,4.0,1.0,34500
Hennur,2,852,Fully Furnished,5,15,1,Bachelor,0,0,0,1,1,0,0,4.6,6.9,16500
Banashankari,1,549,Unfurnished,1,3,15,Bachelor,1,0,0,0,1,0,0,4.0,6.0,16500
Whitefield,3,1221,Fully Furnished,2,3,15,Any,1,1,1,0,1,0,0,4.8,1.6,43000
Whitefield,2,893,Unfurnished,0,7,3,Any,1,0,0,0,1,1,0,4.5,0.2,23000
Whitefield,2,1248,Semi-Furnished,2,15,6,Any,0,0,1,0,1,1,0,5.0,0.5,30000
Sarjapur Road,2,721,Semi-Furnished,4,15,1,Family,0,0,1,1,1,0,1,3.5,1.1,32500
HSR Layout,3,1478,Semi-Furnished,0,7,20,Any,0,0,1,0,1,0,0,2.5,1.9,35000
Marathahalli,2,1131,Semi-Furnished,8,10,10,Family,1,0,1,1,1,0,0,3.5,1.0,27000
Indiranagar,1,526,Semi-Furnished,9,15,10,Family,0,0,1,1,1,0,0,0.7,3.1,31000
JP Nagar,1,423,Unfurnished,1,7,1,Family,1,1,0,0,1,1,0,2.9,5.8,17000
Yelahanka,2,1160,Unfurnished,3,5,3,Bachelor,0,0,0,1,0,1,1,4.2,8.1,19000
Sarjapur Road,3,1485,Semi-Furnished,14,15,10,Family,0,1,0,1,0,1,0,3.3,1.5,43000
Begur,2,1137,Semi-Furnished,0,3,3,Family,1,0,0,0,1,0,0,5.3,2.9,15500
Whitefield,1,555,Fully Furnished,2,15,6,Family,0,0,1,0,0,0,0,4.2,0.2,15500
Bellandur,1,409,Semi-Furnished,0,7,3,Family,0,0,1,0,0,1,0,3.9,0.4,17000
Marathahalli,2,1028,Semi-Furnished,0,3,6,Bachelor,0,0,0,1,1,0,1,2.9,1.4,29000
Whitefield,3,1584,Semi-Furnished,4,10,15,Any,0,0,0,1,0,1,0,4.7,0.2,39500
Indiranagar,2,876,Unfurnished,1,3,1,Any,1,0,1,1,0,1,1,1.1,3.5,49000
HSR Layout,3,1846,Semi-Furnished,15,15,20,Family,1,1,1,1,1,1,0,2.3,1.6,41000
BTM Layout,2,987,Fully Furnished,1,20,1,Family,0,0,0,1,1,1,0,2.9,2.0,37500
Yelahanka,1,511,Fully Furnished,4,5,20,Any,1,1,0,0,0,0,0,3.7,8.0,14000
Koramangala,3,1407,Semi-Furnished,13,15,3,Family,0,1,0,1,0,1,0,1.4,2.3,64500
Sadashivanagar,2,804,Semi-Furnished,1,10,3,Any,1,0,0,1,1,1,0,3.3,5.6,79500
HSR Layout,2,848,Fully Furnished,4,10,20,Family,0,0,1,0,0,0,0,2.3,2.0,33000
Begur,3,1445,Semi-Furnished,4,7,3,Any,0,0,1,0,0,0,1,5.3,3.8,16000
BTM Layout,1,543,Unfurnished,2,3,6,Family,1,0,1,1,0,1,0,2.4,1.7,17000
Yelahanka,1,518,Unfurnished,2,7,3,Bachelor,0,0,1,0,0,1,1,4.2,8.0,11500
Jayanagar,2,869,Semi-Furnished,3,5,1,Any,1,0,0,0,0,1,1,1.7,6.2,34000
Whitefield,2,831,Fully Furnished,3,5,6,Bachelor,0,0,0,1,0,0,0,4.7,0.9,34000
HSR Layout,1,593,Semi-Furnished,3,10,6,Family,0,1,0,0,0,0,0,2.4,2.7,21500
Jayanagar,1,474,Unfurnished,3,7,10,Bachelor,1,0,1,1,1,1,0,1.4,4.9,18500
Marathahalli,1,583,Unfurnished,4,7,3,Any,0,0,0,0,0,1,0,3.2,0.4,13500
Koramangala,3,1465,Fully Furnished,14,15,15,Family,0,0,0,1,0,1,0,1.2,2.1,65000
Koramangala,1,494,Fully Furnished,6,15,15,Family,1,0,0,1,1,0,1,2.0,2.3,26000
Vasanth Nagar,2,943,Semi-Furnished,4,7,15,Bachelor,0,0,1,0,1,1,0,0.9,5.0,52000
Koramangala,2,945,Semi-Furnished,1,5,3,Family,0,0,1,1,1,0,0,1.4,2.2,56500
Indiranagar,2,750,Unfurnished,2,5,6,Any,0,0,1,1,1,0,1,0.6,3.7,48000
BTM Layout,1,588,Fully Furnished,1,20,6,Family,0,1,1,0,1,1,0,2.2,2.3,18500
Electronic City,3,1777,Fully Furnished,4,15,3,Bachelor,0,0,0,1,0,0,0,5.8,0.2,25500
Whitefield,1,461,Unfurnished,2,5,10,Family,0,1,1,0,1,0,1,4.5,0.5,19000
Marathahalli,3,1530,Fully Furnished,2,5,1,Bachelor,0,0,0,0,1,1,1,3.7,1.7,46500
HSR Layout,3,1466,Unfurnished,0,3,6,Family,1,0,1,0,1,0,0,2.6,1.9,34000
Bannerghatta Rd,2,943,Unfurnished,5,5,1,Family,1,0,0,1,0,1,0,3.5,4.9,20500
JP Nagar,2,1037,Unfurnished,0,10,6,Family,0,1,0,1,0,1,0,2.9,4.9,22500
Indiranagar,2,796,Unfurnished,5,15,3,Any,1,1,1,0,1,0,0,1.4,4.0,36500
Whitefield,2,1118,Semi-Furnished,6,10,3,Family,0,0,0,1,1,0,0,4.4,1.0,31500
Indiranagar,3,1469,Semi-Furnished,2,5,10,Any,0,1,0,1,1,1,1,0.7,3.4,71000
BTM Layout,3,1338,Semi-Furnished,4,5,10,Family,0,0,1,1,1,1,0,2.3,2.8,43000
Marathahalli,2,1038,Semi-Furnished,3,7,6,Family,1,0,1,0,1,1,0,3.1,0.2,32500
Hennur,2,1081,Unfurnished,0,5,15,Bachelor,1,0,0,1,1,1,1,4.6,6.8,18000
Yelahanka,3,1377,Unfurnished,1,7,6,Bachelor,1,0,0,1,1,0,0,3.7,7.7,24000
Sarjapur Road,3,1261,Semi-Furnished,3,5,15,Any,0,1,0,0,0,0,0,4.1,1.3,28500
Attibele,2,929,Semi-Furnished,4,5,15,Any,0,1,0,1,0,1,0,7.9,2.6,14500
Indiranagar,2,905,Unfurnished,10,10,6,Any,0,0,1,1,1,1,1,0.7,4.3,45000
HSR Layout,2,797,Fully Furnished,8,10,3,Bachelor,0,1,0,1,1,1,0,2.2,2.0,40000
JP Nagar,3,1645,Fully Furnished,8,15,3,Bachelor,0,0,0,1,1,0,0,2.8,6.1,37500
JP Nagar,1,560,Fully Furnished,2,5,10,Family,0,0,1,0,0,0,0,3.3,5.5,14500
JP Nagar,2,973,Semi-Furnished,6,15,6,Any,0,0,1,1,1,0,0,3.1,5.7,28500
Bannerghatta Rd,2,898,Unfurnished,2,15,15,Bachelor,0,0,1,1,0,0,0,4.1,4.5,12500
Bellandur,2,924,Semi-Furnished,0,7,6,Bachelor,0,0,1,0,0,1,0,3.7,0.2,24000
Whitefield,2,1058,Unfurnished,0,5,3,Family,1,0,1,0,1,1,1,4.1,1.1,26500
HSR Layout,3,1278,Semi-Furnished,5,10,10,Family,0,1,0,1,1,1,1,2.6,1.5,46000
Electronic City,1,575,Unfurnished,8,15,10,Any,1,1,1,1,0,0,0,5.9,0.7,10500
Begur,2,947,Fully Furnished,3,10,15,Family,0,0,0,1,0,0,0,5.0,4.1,15000
Electronic City,1,620,Unfurnished,8,15,1,Bachelor,0,0,0,1,1,1,0,5.8,0.2,11500
Koramangala,1,585,Fully Furnished,3,5,6,Family,0,0,0,1,1,1,1,1.0,1.5,36500
Whitefield,2,896,Fully Furnished,0,3,10,Any,0,0,0,1,1,0,0,4.4,0.2,21500
Koramangala,2,1099,Semi-Furnished,1,3,10,Family,0,0,0,1,1,1,0,1.4,2.4,49000
HSR Layout,2,1057,Fully Furnished,14,15,10,Any,1,0,1,0,1,1,0,2.9,2.0,35500
Koramangala,2,766,Semi-Furnished,7,10,20,Family,1,0,1,1,1,1,0,1.2,3.0,58000
Whitefield,1,556,Fully Furnished,1,15,10,Any,0,0,0,1,1,0,0,4.1,0.4,16500
Sarjapur Road,2,989,Semi-Furnished,2,3,1,Any,1,0,0,1,0,1,1,4.6,1.0,33000
Indiranagar,3,1307,Fully Furnished,4,5,3,Family,0,1,1,0,1,1,0,1.0,3.5,91000
JP Nagar,3,1341,Semi-Furnished,1,3,10,Bachelor,0,1,0,0,0,1,1,2.4,4.7,40500
Banashankari,2,1056,Fully Furnished,10,10,6,Family,0,0,1,1,0,0,1,3.2,6.4,26000
BTM Layout,2,1002,Semi-Furnished,3,3,3,Family,0,0,0,1,1,0,0,2.3,3.0,33500
Indiranagar,3,1337,Semi-Furnished,14,20,10,Any,0,1,1,1,0,1,1,0.6,3.3,80000
JP Nagar,1,574,Fully Furnished,7,10,6,Bachelor,0,0,1,1,1,0,0,2.7,5.6,14000
Bellandur,3,1302,Fully Furnished,15,20,15,Family,0,0,1,1,1,1,0,3.4,0.7,40500
Indiranagar,3,1117,Semi-Furnished,1,7,6,Family,0,1,1,1,1,1,0,1.0,3.2,89000
Indiranagar,1,542,Unfurnished,0,15,20,Family,0,0,1,0,1,0,0,1.3,3.0,23000
BTM Layout,1,550,Semi-Furnished,0,5,15,Any,1,0,0,1,0,1,0,2.1,2.6,15500
Bannerghatta Rd,3,1360,Fully Furnished,4,7,15,Family,0,0,0,0,1,0,0,4.1,4.5,24000
Sarjapur Road,2,1084,Fully Furnished,3,3,1,Any,0,1,1,1,1,1,0,3.7,1.2,31500
Sarjapur Road,1,540,Fully Furnished,2,7,3,Any,0,0,1,1,0,1,0,3.9,0.8,19000
BTM Layout,2,953,Unfurnished,0,5,3,Family,0,1,1,1,1,1,0,2.1,2.4,21000
Whitefield,2,920,Semi-Furnished,0,5,6,Family,1,0,0,1,1,1,1,4.0,0.3,36500
Koramangala,2,779,Semi-Furnished,5,5,20,Any,1,0,1,1,0,0,0,1.8,2.7,48500
Whitefield,2,1153,Fully Furnished,2,7,3,Family,0,1,0,1,1,0,0,4.8,0.9,34000
Bannerghatta Rd,3,1538,Unfurnished,0,10,3,Family,0,0,1,1,0,0,1,4.6,3.9,16500
Whitefield,2,891,Fully Furnished,2,5,20,Family,0,0,1,1,0,0,0,4.7,0.3,25500
Hennur,2,1065,Semi-Furnished,2,10,3,Bachelor,1,0,1,1,0,0,0,4.5,7.5,20500
Bellandur,2,809,Unfurnished,3,5,1,Any,0,0,0,0,0,1,0,3.1,1.9,24500
Indiranagar,2,970,Semi-Furnished,2,3,10,Family,1,0,1,1,1,1,0,0.6,3.3,57500
Bannerghatta Rd,1,571,Unfurnished,0,7,6,Family,1,0,0,0,0,0,0,3.6,4.5,7500
Koramangala,3,1496,Semi-Furnished,1,5,1,Any,0,1,1,1,1,1,0,1.4,2.6,76500
Marathahalli,3,1306,Unfurnished,3,7,10,Any,1,0,1,1,1,0,0,3.5,1.1,35000
Sadashivanagar,2,970,Unfurnished,7,10,6,Bachelor,0,0,1,0,1,0,0,3.3,7.3,44500
Koramangala,2,838,Fully Furnished,5,5,6,Any,0,0,0,1,1,1,0,0.8,2.3,62000
JP Nagar,1,511,Unfurnished,5,7,3,Bachelor,0,0,1,0,0,0,0,3.1,5.7,14000
HSR Layout,2,945,Unfurnished,4,10,20,Any,0,1,0,1,0,1,0,2.3,2.1,22000
Yelahanka,2,964,Semi-Furnished,3,15,3,Family,1,0,1,1,1,0,0,4.2,8.5,21000
Whitefield,2,1010,Semi-Furnished,5,5,15,Family,0,1,1,0,1,0,0,4.4,0.3,33000
Koramangala,3,1188,Fully Furnished,2,10,15,Any,1,0,1,1,1,1,0,1.3,2.1,69500
Indiranagar,2,924,Semi-Furnished,0,10,6,Bachelor,0,0,0,1,1,1,1,0.8,3.5,49000
Marathahalli,2,1078,Fully Furnished,3,3,15,Any,1,0,0,0,1,1,1,3.5,1.5,29000
BTM Layout,3,1506,Semi-Furnished,4,5,6,Family,0,0,0,0,1,0,0,1.8,2.5,40000
Bellandur,1,482,Unfurnished,1,3,3,Any,0,0,0,1,0,0,0,3.6,1.9,13500
Sarjapur Road,2,819,Unfurnished,0,10,6,Any,0,0,0,0,1,0,0,3.9,1.0,22000
Electronic City,2,903,Semi-Furnished,0,10,3,Family,0,0,0,1,0,0,0,5.3,0.2,15500
Sarjapur Road,2,862,Semi-Furnished,0,3,10,Any,0,0,0,1,1,0,0,3.9,1.1,25500
JP Nagar,3,1628,Fully Furnished,3,10,3,Bachelor,1,0,1,0,1,0,0,2.4,5.8,38000
Sarjapur Road,2,884,Semi-Furnished,5,5,6,Any,0,1,0,1,1,0,0,4.1,0.3,27000
HSR Layout,3,1009,Semi-Furnished,2,20,10,Bachelor,0,1,1,1,0,0,0,2.5,1.5,48000
HSR Layout,2,1013,Unfurnished,3,10,15,Any,0,1,1,1,1,1,1,2.7,1.8,22500
Mahadevapura,2,1031,Unfurnished,6,7,10,Bachelor,0,0,0,1,0,1,0,3.3,1.5,19000
Banashankari,3,1561,Semi-Furnished,7,7,6,Family,0,1,0,0,1,1,0,3.9,5.7,37000
Mahadevapura,1,513,Semi-Furnished,1,3,10,Family,0,1,0,0,0,0,0,3.3,2.8,17500
Electronic City,1,623,Semi-Furnished,3,5,10,Bachelor,1,0,0,0,0,0,1,5.4,0.5,12500
Electronic City,2,769,Unfurnished,2,15,6,Any,0,0,0,0,0,0,0,6.0,0.2,16000
Bannerghatta Rd,2,833,Semi-Furnished,1,3,10,Bachelor,0,0,0,1,0,0,1,4.0,3.6,17000
Banashankari,1,634,Fully Furnished,6,10,3,Any,1,0,0,1,0,0,0,3.5,6.6,17000
BTM Layout,2,1150,Unfurnished,10,10,15,Family,0,0,1,0,1,1,0,2.1,1.5,26000
Whitefield,2,966,Semi-Furnished,7,7,6,Bachelor,0,1,0,1,1,1,0,4.3,1.4,29500
BTM Layout,2,999,Fully Furnished,6,7,3,Family,0,0,1,1,0,1,0,2.3,2.9,35000
Whitefield,3,1561,Semi-Furnished,4,7,6,Any,0,1,0,1,1,0,0,4.7,0.9,39000
Sarjapur Road,2,1021,Semi-Furnished,3,7,15,Any,0,0,0,1,0,1,1,4.4,1.2,26500
Sarjapur Road,3,1577,Unfurnished,14,15,15,Bachelor,0,0,0,0,0,0,0,3.9,1.0,27000
BTM Layout,1,535,Semi-Furnished,2,5,3,Family,0,0,1,1,0,0,0,1.9,3.0,19000
Sadashivanagar,2,940,Unfurnished,1,5,6,Family,1,1,0,1,1,1,0,3.6,6.7,56500
Banashankari,3,1211,Fully Furnished,0,3,20,Any,0,0,1,0,0,1,0,3.4,6.6,33500
Sadashivanagar,2,1013,Fully Furnished,3,3,6,Bachelor,1,1,0,1,1,1,0,3.6,6.0,77000
Hennur,2,907,Fully Furnished,7,10,15,Any,0,1,1,0,1,0,1,4.6,6.6,16000
BTM Layout,2,707,Fully Furnished,3,10,15,Family,1,0,1,1,1,0,0,1.7,2.3,30000
Sadashivanagar,1,515,Semi-Furnished,3,5,15,Any,0,0,1,0,1,1,0,4.0,5.6,28000
Koramangala,2,1000,Semi-Furnished,1,10,1,Any,1,1,1,1,1,0,1,1.3,2.4,47500
Whitefield,2,827,Fully Furnished,2,3,10,Family,0,0,1,0,0,0,0,4.4,0.2,33500
Whitefield,3,1476,Fully Furnished,2,3,20,Bachelor,0,0,1,0,0,1,0,4.8,0.2,50500
BTM Layout,1,614,Semi-Furnished,10,10,15,Family,0,1,1,1,1,1,1,2.2,2.6,22500
Indiranagar,3,1222,Fully Furnished,18,20,20,Bachelor,0,0,1,1,1,1,0,0.6,2.8,95500
JP Nagar,3,1154,Semi-Furnished,5,5,1,Any,0,0,0,1,0,1,0,4.0,5.8,42000
BTM Layout,1,663,Semi-Furnished,6,7,6,Bachelor,0,0,1,0,1,0,0,1.6,2.7,19000
Sarjapur Road,2,1199,Semi-Furnished,6,10,6,Any,0,1,1,1,1,1,0,3.8,1.9,27000
Whitefield,3,1449,Unfurnished,2,3,10,Bachelor,1,0,0,1,1,0,0,4.7,0.2,33500
BTM Layout,3,1293,Unfurnished,7,7,3,Family,0,0,0,0,0,0,0,2.4,3.3,39500
Vasanth Nagar,2,952,Unfurnished,4,5,3,Bachelor,1,1,1,1,1,0,0,0.8,4.3,59500
Attibele,2,1146,Semi-Furnished,1,3,15,Bachelor,0,0,0,0,0,0,0,7.7,2.4,15500
Banashankari,2,942,Semi-Furnished,0,7,20,Family,0,0,0,1,1,0,0,3.7,6.3,20500
Sarjapur Road,2,950,Semi-Furnished,2,3,20,Family,0,0,0,0,1,0,0,4.0,1.5,24500
Sadashivanagar,2,875,Fully Furnished,6,15,3,Bachelor,0,0,0,1,1,0,0,3.3,5.7,88000
Yelahanka,2,965,Semi-Furnished,0,3,15,Family,1,1,1,0,0,0,0,3.9,8.9,26500
Koramangala,1,727,Semi-Furnished,3,3,10,Family,1,1,1,1,0,1,1,1.5,3.0,35000
Marathahalli,1,613,Unfurnished,6,7,6,Bachelor,0,0,1,1,0,1,0,4.0,1.1,18000
Begur,2,825,Unfurnished,1,10,3,Family,0,0,0,0,1,1,0,5.4,4.0,16000
JP Nagar,2,734,Fully Furnished,7,10,15,Any,1,0,0,1,1,1,0,2.9,6.2,35500
Koramangala,2,824,Semi-Furnished,2,20,10,Family,0,1,0,1,1,1,0,1.3,2.0,57000
Koramangala,2,911,Fully Furnished,4,20,1,Any,0,0,1,1,1,1,0,1.2,2.4,62000
JP Nagar,2,916,Unfurnished,3,3,15,Bachelor,0,1,1,1,1,0,1,2.9,5.4,19500
Sadashivanagar,1,505,Semi-Furnished,1,7,15,Any,1,1,0,1,1,1,0,3.4,5.9,33500
Koramangala,2,790,Unfurnished,2,3,6,Family,0,1,0,1,1,0,1,1.0,2.5,48500
Bellandur,3,1371,Unfurnished,2,3,6,Any,1,0,1,0,1,1,0,4.3,1.3,41000
Banashankari,2,1062,Unfurnished,7,7,20,Bachelor,1,0,0,0,0,0,0,2.6,5.9,16500
HSR Layout,2,1102,Unfurnished,2,3,3,Any,0,1,1,1,0,1,0,3.0,1.9,34500
Bannerghatta Rd,2,1166,Semi-Furnished,1,5,3,Family,0,0,0,1,1,0,0,3.7,4.7,17000
Indiranagar,3,1477,Unfurnished,3,7,6,Family,0,1,0,0,0,1,0,0.4,3.5,71500
Begur,1,492,Fully Furnished,1,3,10,Any,0,0,0,1,0,0,1,4.8,2.9,14500
BTM Layout,2,966,Semi-Furnished,4,5,3,Family,0,0,0,0,0,1,1,2.3,2.7,33000
Hennur,2,791,Unfurnished,7,7,10,Bachelor,1,0,1,0,0,0,0,4.9,7.3,13000
Whitefield,2,1198,Unfurnished,2,3,6,Family,0,1,1,1,0,0,0,4.8,0.8,31500
Electronic City,1,415,Semi-Furnished,1,3,6,Bachelor,0,0,1,1,0,0,0,5.7,0.2,11000
Attibele,2,753,Unfurnished,4,5,3,Any,0,0,0,0,0,1,0,7.8,2.0,12500
HSR Layout,1,614,Fully Furnished,0,3,3,Bachelor,1,1,0,1,0,1,1,2.6,2.0,29000
Begur,2,809,Fully Furnished,0,3,3,Any,0,1,0,1,0,0,0,4.9,3.2,18500
JP Nagar,2,982,Unfurnished,9,20,3,Bachelor,0,0,0,0,0,1,1,3.5,4.0,23000
JP Nagar,1,531,Semi-Furnished,1,5,10,Bachelor,0,0,0,1,1,1,1,2.6,6.1,17500
BTM Layout,3,1252,Unfurnished,4,5,20,Any,0,0,0,1,0,0,0,2.3,3.4,32500
Marathahalli,1,511,Semi-Furnished,0,3,6,Any,1,1,0,1,1,0,0,3.6,1.5,15500
Sadashivanagar,3,1406,Semi-Furnished,5,7,15,Any,1,0,1,1,1,1,0,3.7,6.2,95500
Marathahalli,2,1089,Unfurnished,1,5,10,Family,0,0,0,0,0,1,0,3.5,1.0,20500
Marathahalli,1,536,Unfurnished,4,10,15,Bachelor,0,1,1,1,1,0,0,3.1,1.4,13000
Mahadevapura,1,464,Semi-Furnished,6,7,6,Family,0,0,0,1,1,0,1,3.1,2.2,15000
Electronic City,3,1298,Semi-Furnished,0,20,20,Bachelor,0,0,1,0,0,0,0,5.7,0.8,19000
Banashankari,1,582,Unfurnished,0,7,3,Bachelor,1,0,1,1,0,0,0,3.3,6.5,14500
HSR Layout,1,700,Semi-Furnished,2,3,10,Any,0,0,1,1,0,1,0,2.2,2.0,23000
HSR Layout,2,879,Semi-Furnished,0,3,15,Any,0,0,0,1,1,1,0,2.4,1.3,25500
Jayanagar,2,1115,Fully Furnished,7,10,15,Bachelor,1,1,0,1,1,1,0,1.7,5.4,48500
Koramangala,2,796,Unfurnished,1,7,3,Family,0,0,0,1,0,1,0,1.1,2.2,48000
BTM Layout,1,578,Fully Furnished,1,3,10,Any,1,0,0,1,1,0,0,2.3,2.2,19500
HSR Layout,2,811,Semi-Furnished,3,10,6,Family,0,0,1,1,1,0,0,3.2,1.6,28000
Begur,1,592,Unfurnished,3,15,15,Bachelor,1,0,1,1,0,0,0,4.9,4.0,9500
Marathahalli,1,544,Semi-Furnished,3,7,1,Family,0,0,1,1,0,0,1,3.7,0.8,15000
BTM Layout,2,1020,Semi-Furnished,16,20,1,Family,0,0,1,1,0,0,0,1.9,2.2,35500
Whitefield,2,1058,Fully Furnished,0,5,20,Any,0,0,0,0,1,1,0,4.3,0.9,25000
Indiranagar,1,573,Unfurnished,1,3,3,Family,0,0,1,1,1,1,1,0.5,3.5,29000
Banashankari,2,1101,Semi-Furnished,2,5,6,Bachelor,0,0,0,0,0,0,0,3.8,6.8,18000
Whitefield,2,870,Semi-Furnished,0,10,10,Family,1,1,0,0,1,1,0,5.0,0.6,27000
Yelahanka,3,1530,Fully Furnished,3,5,3,Any,1,0,0,1,0,0,0,4.3,8.1,34500
JP Nagar,3,1819,Semi-Furnished,2,7,3,Any,1,0,0,0,0,0,0,3.0,5.0,42500
Attibele,3,1283,Fully Furnished,10,10,3,Family,0,0,0,1,0,0,1,7.8,2.4,23500
Hennur,1,548,Fully Furnished,2,5,6,Family,0,0,0,1,0,0,0,4.2,7.6,15500
Whitefield,1,542,Unfurnished,11,20,3,Bachelor,0,0,1,1,1,0,0,4.3,0.2,14500
Marathahalli,2,959,Fully Furnished,7,7,10,Family,1,0,0,1,1,1,0,3.5,0.7,35500
Whitefield,2,1152,Fully Furnished,1,10,10,Any,1,0,1,0,1,0,0,4.5,0.4,36500
Jayanagar,2,1061,Unfurnished,1,5,15,Family,1,1,0,0,1,1,0,1.9,5.4,27000
JP Nagar,3,1385,Semi-Furnished,1,7,20,Family,1,0,1,1,0,1,1,2.7,4.6,38000
Koramangala,3,1729,Semi-Furnished,4,20,1,Any,0,0,1,1,1,0,0,1.7,1.9,65500
Yelahanka,3,1373,Unfurnished,5,7,3,Family,0,0,0,1,1,0,0,4.0,8.5,25000
Marathahalli,2,875,Unfurnished,5,5,10,Any,1,0,1,0,1,0,0,3.7,0.2,22500
Vasanth Nagar,2,736,Unfurnished,2,3,6,Family,0,1,0,1,0,1,0,1.4,3.6,55500
Begur,2,1053,Unfurnished,9,10,3,Family,0,0,0,0,1,0,0,5.3,4.0,11500
Bannerghatta Rd,1,676,Semi-Furnished,2,10,3,Any,1,0,1,0,1,0,0,3.8,4.2,17000
Bellandur,2,939,Unfurnished,0,5,6,Bachelor,0,0,0,1,0,1,0,4.4,0.6,20000
Marathahalli,1,513,Fully Furnished,1,5,6,Any,0,1,0,0,1,0,1,3.4,1.2,23500
Hennur,2,1068,Fully Furnished,4,5,3,Family,1,0,1,0,0,0,0,4.1,6.9,22500
Indiranagar,2,945,Unfurnished,6,10,15,Bachelor,1,0,1,1,1,1,0,1.0,2.3,39500
Mahadevapura,2,1035,Semi-Furnished,1,5,1,Any,0,0,1,1,0,1,0,3.0,1.2,18000
Indiranagar,3,1602,Semi-Furnished,2,3,1,Family,1,1,1,1,0,1,0,0.6,3.9,76500
Mahadevapura,2,1249,Fully Furnished,2,3,15,Any,0,0,0,1,1,1,0,3.2,1.5,31500
HSR Layout,3,1739,Unfurnished,13,20,10,Bachelor,0,0,0,0,1,1,0,2.4,1.4,41000
Hennur,2,1204,Unfurnished,1,7,3,Family,0,0,1,0,0,0,0,4.6,6.2,15000
Bannerghatta Rd,2,904,Fully Furnished,0,10,6,Bachelor,0,0,0,1,1,0,0,4.2,4.9,18500
Sadashivanagar,2,1044,Fully Furnished,2,3,15,Bachelor,1,0,1,1,1,0,0,3.6,5.1,82000
Banashankari,2,1011,Fully Furnished,10,10,3,Family,0,1,1,0,0,0,1,2.9,6.7,26000
Attibele,3,1272,Fully Furnished,8,15,3,Bachelor,0,0,1,1,0,1,0,7.9,2.4,23000
Yelahanka,1,565,Unfurnished,4,15,10,Family,1,0,1,0,0,1,1,3.7,8.0,15000
Hennur,2,943,Semi-Furnished,5,5,3,Bachelor,0,0,1,0,0,0,1,4.7,7.0,20500
Whitefield,2,1015,Unfurnished,10,10,15,Any,1,0,1,0,0,1,0,4.1,0.7,28000
BTM Layout,3,1269,Unfurnished,4,7,20,Bachelor,1,0,0,1,0,1,0,2.6,2.5,37500
HSR Layout,1,458,Fully Furnished,6,7,6,Any,1,0,0,1,1,0,1,2.4,1.5,25000
Jayanagar,3,1652,Unfurnished,6,7,20,Family,1,1,0,1,1,0,0,1.7,5.3,40500
Mahadevapura,2,962,Semi-Furnished,6,7,1,Bachelor,0,1,0,0,1,0,1,3.1,1.7,26500
JP Nagar,2,871,Fully Furnished,1,3,6,Any,1,0,0,1,0,1,0,2.7,5.1,31000
Marathahalli,2,843,Unfurnished,5,10,6,Bachelor,0,0,1,1,1,1,0,3.7,0.8,27500
Yelahanka,2,953,Fully Furnished,2,3,1,Bachelor,1,0,1,0,0,1,0,3.8,8.3,29500
Whitefield,2,1131,Fully Furnished,1,5,6,Family,1,0,1,1,0,0,0,4.2,0.2,37500
Hennur,3,1564,Semi-Furnished,1,5,3,Family,0,0,1,1,1,0,0,4.4,8.0,22000
Attibele,2,980,Unfurnished,5,7,10,Family,0,0,0,0,1,0,0,8.3,1.4,9500
JP Nagar,2,871,Semi-Furnished,1,7,6,Any,0,0,0,1,1,1,0,2.9,6.2,18500
Electronic City,2,969,Semi-Furnished,4,7,20,Family,1,0,0,1,0,0,0,5.1,0.2,15500
Mahadevapura,1,607,Semi-Furnished,7,7,15,Any,0,1,1,1,1,0,0,3.4,0.7,20000
Whitefield,1,462,Unfurnished,5,7,20,Any,1,0,1,0,1,0,0,4.5,0.3,15500
Begur,2,870,Fully Furnished,9,20,6,Family,0,0,1,1,0,0,0,4.8,3.7,15500
Jayanagar,2,1070,Unfurnished,3,7,3,Bachelor,1,0,0,1,0,1,1,1.8,5.0,29500
Indiranagar,1,681,Fully Furnished,7,7,6,Any,1,0,1,1,1,0,1,1.3,3.5,40000
Electronic City,2,970,Unfurnished,17,20,6,Any,1,0,1,1,0,0,0,5.8,0.5,17500
Banashankari,2,990,Semi-Furnished,6,7,10,Family,0,1,1,1,0,0,1,3.3,6.3,25000
Electronic City,2,1015,Fully Furnished,0,10,6,Family,0,0,1,0,0,0,1,5.3,0.8,17500
Hennur,2,937,Unfurnished,5,10,3,Family,0,0,0,0,0,1,0,4.8,7.1,12000
Koramangala,1,553,Unfurnished,0,5,3,Family,1,0,1,0,1,1,0,1.3,2.1,26000
Hennur,3,1213,Semi-Furnished,1,5,15,Bachelor,1,0,0,1,0,0,0,4.9,6.9,22500
Banashankari,3,1477,Fully Furnished,5,15,1,Any,0,0,1,0,1,1,0,3.8,5.6,29500
Marathahalli,2,1137,Semi-Furnished,3,7,3,Family,1,0,1,1,0,0,0,3.4,1.2,27000
Whitefield,1,634,Semi-Furnished,2,3,6,Any,0,0,0,1,1,1,1,4.4,0.3,22500
Bannerghatta Rd,3,1770,Unfurnished,1,7,6,Bachelor,0,0,0,0,0,0,0,4.2,4.5,21500
Koramangala,3,1458,Fully Furnished,3,3,1,Family,0,0,1,0,1,1,0,1.0,1.8,85500
Yelahanka,3,1112,Fully Furnished,8,15,6,Family,0,0,1,0,0,1,0,4.1,8.7,35000
Sarjapur Road,1,612,Semi-Furnished,3,10,20,Any,0,0,1,1,0,1,0,4.1,1.3,16000
Bellandur,2,964,Fully Furnished,2,3,6,Any,1,0,0,0,1,1,1,3.8,1.0,30000
Sarjapur Road,3,1662,Semi-Furnished,8,10,3,Any,1,1,0,1,0,1,1,4.4,0.4,36000
Indiranagar,2,1052,Semi-Furnished,1,3,6,Family,1,0,0,1,0,1,0,0.8,2.8,50000
HSR Layout,2,937,Unfurnished,6,7,1,Family,1,0,0,1,1,0,0,2.4,1.7,26500
BTM Layout,2,967,Semi-Furnished,3,5,3,Family,0,0,1,1,0,1,0,2.0,2.0,34500
Electronic City,2,984,Semi-Furnished,0,7,3,Bachelor,1,0,0,1,1,0,0,5.6,0.5,20500
HSR Layout,1,569,Unfurnished,9,15,10,Any,1,0,0,0,1,0,0,2.6,1.3,20000
Vasanth Nagar,2,925,Semi-Furnished,3,10,15,Family,1,1,1,1,0,1,0,1.1,4.8,48000
Begur,1,635,Fully Furnished,2,5,1,Any,0,0,1,0,0,0,0,4.5,3.8,13000
Koramangala,2,977,Semi-Furnished,2,7,6,Bachelor,0,0,1,1,1,1,1,1.4,0.8,48500
Attibele,2,1156,Semi-Furnished,1,7,15,Any,0,0,0,0,0,0,0,7.7,1.3,10500
Sarjapur Road,2,1118,Fully Furnished,0,3,3,Any,0,0,1,1,0,0,0,3.0,1.0,29000
Electronic City,1,443,Unfurnished,8,15,3,Family,0,0,1,0,0,0,0,6.0,0.2,9000
HSR Layout,2,977,Semi-Furnished,3,5,3,Any,0,0,0,1,1,0,1,2.7,2.1,40000
Koramangala,3,1407,Fully Furnished,4,10,6,Family,0,1,0,1,1,0,1,0.9,1.2,92500
Bellandur,1,438,Semi-Furnished,4,7,10,Family,1,0,1,1,0,0,0,3.3,0.3,18000
Electronic City,1,482,Semi-Furnished,10,10,6,Any,0,1,1,1,0,0,1,5.5,0.3,14500
Bellandur,1,528,Unfurnished,5,7,15,Any,1,0,0,1,0,0,0,3.7,0.7,16000
Sadashivanagar,3,1454,Fully Furnished,2,10,3,Bachelor,0,0,1,0,1,1,0,3.6,5.4,88000
Bellandur,2,699,Semi-Furnished,5,7,3,Bachelor,1,0,1,1,0,1,0,4.1,1.2,32500
Mahadevapura,2,935,Fully Furnished,10,15,1,Any,0,0,0,1,1,1,1,3.1,1.2,25000
Sarjapur Road,1,555,Semi-Furnished,5,10,15,Any,0,0,0,1,0,1,0,4.0,1.9,19500
Mahadevapura,2,1090,Semi-Furnished,15,15,6,Family,0,0,1,1,0,1,0,2.9,1.5,25000
Electronic City,3,1598,Fully Furnished,1,10,10,Any,0,0,0,1,0,1,0,5.6,0.2,31500
Whitefield,3,1592,Semi-Furnished,0,10,20,Bachelor,0,0,1,1,1,0,0,4.3,1.5,31000
Indiranagar,2,1046,Semi-Furnished,1,5,10,Bachelor,1,0,1,1,1,0,0,0.9,3.4,62000
Yelahanka,1,402,Semi-Furnished,3,5,15,Bachelor,0,0,1,1,0,0,0,4.1,7.7,12500
Indiranagar,1,498,Fully Furnished,6,7,3,Bachelor,1,0,0,1,1,1,1,1.4,4.3,43500
JP Nagar,1,563,Semi-Furnished,13,15,6,Any,1,0,0,0,0,1,0,3.1,5.2,20500
JP Nagar,2,1068,Semi-Furnished,1,7,10,Bachelor,1,0,1,1,0,1,0,2.6,5.4,24500
Koramangala,1,545,Unfurnished,6,7,6,Any,0,1,0,1,0,0,0,1.1,2.1,26500
BTM Layout,2,1019,Fully Furnished,0,3,1,Family,0,0,1,1,1,1,0,2.3,3.7,28000
Indiranagar,2,1125,Unfurnished,15,20,6,Any,0,0,0,0,0,1,0,1.1,2.3,46000
Electronic City,3,1355,Semi-Furnished,17,20,10,Any,0,0,0,0,0,0,0,5.8,1.0,22500
Bannerghatta Rd,2,1009,Semi-Furnished,6,10,1,Any,0,0,0,1,0,0,0,4.1,4.8,16500
Indiranagar,3,1658,Semi-Furnished,1,7,6,Bachelor,0,1,1,0,1,1,0,0.6,3.1,65000
Begur,2,990,Semi-Furnished,6,10,6,Bachelor,0,0,0,1,1,0,0,5.3,2.5,17500
Marathahalli,1,510,Unfurnished,4,7,15,Any,1,0,0,1,0,0,1,3.7,1.8,16000
HSR Layout,2,903,Semi-Furnished,15,20,6,Any,1,0,0,1,0,1,0,2.4,1.4,36000
Indiranagar,2,744,Fully Furnished,1,7,10,Family,0,0,0,1,0,1,0,1.3,3.8,59000
Marathahalli,2,834,Fully Furnished,5,10,10,Any,1,0,0,0,0,1,1,3.1,1.0,34500
Mahadevapura,2,826,Unfurnished,10,10,6,Bachelor,0,1,0,0,0,1,0,3.0,2.1,23000
Sarjapur Road,3,1156,Fully Furnished,2,10,1,Family,0,0,1,1,1,0,1,3.8,1.1,58500
Koramangala,2,1030,Semi-Furnished,3,3,6,Any,0,1,0,1,1,1,1,1.0,1.9,52000
Indiranagar,2,1170,Fully Furnished,3,3,15,Bachelor,0,0,0,1,1,1,0,0.2,4.0,61500
JP Nagar,3,1222,Semi-Furnished,5,5,1,Any,1,0,0,1,1,0,0,2.3,4.9,37500
HSR Layout,1,623,Semi-Furnished,1,5,6,Family,1,0,0,0,1,1,0,2.8,0.9,18500
HSR Layout,2,1036,Fully Furnished,4,10,3,Family,1,0,1,1,0,1,0,2.2,0.6,42000
HSR Layout,2,923,Fully Furnished,2,10,3,Bachelor,0,0,1,0,0,0,0,2.4,1.7,41500
Electronic City,3,1613,Semi-Furnished,3,5,10,Family,0,1,0,0,0,1,0,5.2,0.3,26500
Bannerghatta Rd,3,1070,Unfurnished,4,10,10,Any,0,0,1,0,0,1,0,4.6,4.6,18000
JP Nagar,3,1535,Semi-Furnished,9,10,15,Family,1,0,1,1,0,1,1,3.5,4.7,31500
Bannerghatta Rd,1,514,Semi-Furnished,0,15,15,Bachelor,0,0,0,0,1,1,0,3.6,4.1,10000
BTM Layout,3,1265,Unfurnished,6,7,6,Family,0,0,1,0,1,1,0,2.0,2.0,30000
Yelahanka,2,988,Unfurnished,14,15,15,Family,0,0,0,1,1,1,0,4.1,8.7,21000
Vasanth Nagar,2,865,Fully Furnished,1,3,6,Any,1,1,0,1,0,0,0,1.0,3.7,61500
Whitefield,1,451,Unfurnished,8,10,6,Family,0,0,0,1,1,0,1,4.4,0.6,19500
Begur,2,834,Semi-Furnished,4,7,3,Bachelor,0,0,0,0,0,0,0,5.3,2.3,13500
Whitefield,3,987,Unfurnished,1,3,6,Any,0,0,0,0,1,0,0,4.9,0.2,37500
BTM Layout,3,1303,Semi-Furnished,12,15,15,Any,1,1,1,0,0,0,0,1.6,2.5,40000
Whitefield,2,957,Unfurnished,1,7,10,Any,0,0,0,1,0,0,0,4.3,0.6,25500
Indiranagar,1,363,Unfurnished,6,10,6,Family,1,0,1,1,1,0,0,1.1,3.6,31000
Hennur,2,971,Fully Furnished,0,7,1,Family,0,0,0,1,0,1,1,4.5,7.4,22000
Marathahalli,3,1536,Fully Furnished,1,10,15,Any,0,0,1,1,0,0,0,3.1,0.8,38000
Banashankari,2,892,Unfurnished,6,7,6,Any,0,0,0,0,0,1,0,3.7,4.5,19500
Whitefield,2,745,Semi-Furnished,1,5,6,Bachelor,0,1,1,1,1,1,0,4.6,0.3,25000
Whitefield,1,722,Semi-Furnished,0,7,6,Any,1,1,1,1,0,0,0,4.3,0.2,16000
Indiranagar,2,1189,Fully Furnished,2,5,6,Bachelor,1,0,0,0,0,1,0,0.4,3.4,68000
Sarjapur Road,2,895,Fully Furnished,2,3,20,Family,0,0,0,0,1,0,1,4.1,0.2,28500
HSR Layout,3,1623,Semi-Furnished,12,20,6,Any,0,0,1,1,1,1,0,2.8,1.7,43000
Bellandur,2,907,Semi-Furnished,4,7,1,Any,1,1,1,1,0,0,0,3.9,0.3,27500
Electronic City,2,1103,Fully Furnished,0,7,20,Bachelor,0,0,0,1,0,1,0,5.5,1.3,19000
Electronic City,2,988,Unfurnished,2,10,1,Any,0,0,0,0,0,1,0,5.6,0.2,13500
Marathahalli,1,421,Semi-Furnished,4,7,3,Family,0,1,1,1,0,0,0,3.2,1.1,20500
Marathahalli,3,1441,Fully Furnished,1,7,15,Family,0,0,1,0,0,1,1,3.7,0.4,36500
Sadashivanagar,2,1048,Fully Furnished,2,7,6,Any,0,0,1,1,1,1,0,3.6,5.6,63500
Mahadevapura,2,772,Semi-Furnished,4,7,20,Any,0,0,0,0,1,1,0,3.6,0.8,17000
HSR Layout,2,969,Semi-Furnished,0,5,3,Bachelor,0,0,0,1,0,1,0,3.1,1.6,27000
Yelahanka,2,1045,Semi-Furnished,1,5,15,Family,0,0,1,0,0,0,0,4.1,9.2,21000
HSR Layout,2,952,Semi-Furnished,6,7,15,Family,0,1,1,1,1,1,0,2.5,1.8,33000
Indiranagar,2,857,Semi-Furnished,2,20,3,Any,0,1,0,1,0,1,1,1.1,2.7,58500
Whitefield,2,864,Semi-Furnished,15,15,1,Family,0,1,0,1,0,1,1,5.0,0.4,29500
Koramangala,2,987,Fully Furnished,3,20,10,Any,1,0,1,1,1,1,0,1.1,1.8,42000
Bellandur,1,517,Fully Furnished,3,5,10,Any,0,0,0,0,0,0,1,4.0,1.8,19500
BTM Layout,2,889,Unfurnished,10,15,10,Any,0,0,1,0,0,0,1,2.3,2.4,22500
Koramangala,1,764,Semi-Furnished,3,5,3,Family,1,1,1,0,1,1,0,1.3,1.4,28500
Marathahalli,2,957,Semi-Furnished,6,7,10,Any,0,1,0,0,0,1,0,3.0,0.2,28000
Koramangala,3,1107,Semi-Furnished,4,5,15,Family,0,0,1,1,1,1,0,1.5,1.4,64000
HSR Layout,3,1388,Unfurnished,3,5,10,Family,0,0,1,1,0,1,0,2.5,1.8,39000
Sarjapur Road,2,839,Semi-Furnished,5,5,1,Family,1,0,1,0,0,1,0,4.4,1.0,31500
Koramangala,2,866,Fully Furnished,2,5,10,Family,1,0,1,1,0,1,0,1.6,2.4,54000
Electronic City,1,697,Semi-Furnished,5,5,3,Any,0,0,0,0,0,0,0,5.7,0.2,13500
Koramangala,2,1131,Fully Furnished,0,3,20,Family,0,1,1,1,0,1,0,0.9,2.6,41500
HSR Layout,3,1585,Fully Furnished,7,10,3,Family,1,0,1,1,1,1,0,2.4,1.9,69000
Bellandur,1,817,Unfurnished,3,3,3,Any,0,1,0,0,0,0,0,3.8,2.0,18500
BTM Layout,2,938,Unfurnished,2,5,6,Family,1,0,0,0,1,1,0,2.1,1.9,27500
Indiranagar,3,1378,Fully Furnished,2,3,3,Any,1,1,0,1,1,0,0,0.9,2.9,89500
BTM Layout,3,1385,Fully Furnished,11,20,10,Family,0,1,1,1,1,1,0,2.2,2.9,45000
HSR Layout,1,568,Unfurnished,2,3,15,Family,1,1,1,1,0,1,1,2.5,1.4,18000
Electronic City,2,1026,Unfurnished,7,10,3,Any,0,0,0,0,0,0,0,5.4,0.8,15500
BTM Layout,1,375,Unfurnished,5,15,15,Family,1,0,0,0,0,0,0,1.9,3.0,14000
Mahadevapura,1,619,Fully Furnished,4,5,15,Bachelor,0,0,0,1,0,0,0,2.9,1.1,15500
Hennur,3,1111,Unfurnished,5,7,10,Family,1,0,0,0,0,1,0,4.4,7.5,20000
Banashankari,3,1447,Semi-Furnished,1,5,10,Family,1,0,0,0,0,0,0,3.5,5.7,25500
Bannerghatta Rd,3,1071,Fully Furnished,5,7,20,Family,1,0,1,0,0,0,0,3.9,4.3,23500
BTM Layout,1,726,Unfurnished,0,5,10,Family,1,0,0,1,0,0,1,2.1,2.1,14500
Begur,3,1583,Semi-Furnished,16,20,10,Family,0,1,1,0,0,0,0,4.7,3.6,20500
Indiranagar,2,946,Unfurnished,2,10,1,Any,1,0,1,0,1,0,0,0.7,3.2,56500
Sarjapur Road,2,1086,Fully Furnished,5,5,10,Bachelor,1,0,1,1,1,0,1,4.3,0.5,31500
Yelahanka,2,883,Unfurnished,5,7,3,Family,0,0,0,0,1,1,0,3.5,8.5,18500
JP Nagar,1,514,Semi-Furnished,0,5,6,Bachelor,1,0,1,0,1,1,0,3.2,4.6,18000
Whitefield,3,1228,Semi-Furnished,3,20,15,Any,0,1,0,1,0,1,0,3.9,0.4,42500
Sarjapur Road,2,1037,Unfurnished,4,5,20,Any,0,0,0,1,0,0,1,4.2,1.4,24500
Koramangala,1,547,Unfurnished,1,7,1,Any,0,1,1,1,0,1,1,1.3,1.7,29000
Sadashivanagar,1,478,Semi-Furnished,1,3,10,Any,1,0,1,1,1,1,0,3.5,6.5,30500
Bellandur,1,475,Unfurnished,7,7,10,Family,1,0,0,1,0,0,0,3.6,0.2,16000
Sarjapur Road,1,610,Fully Furnished,5,5,10,Family,0,0,0,0,1,0,0,4.1,1.1,18000
Begur,2,955,Fully Furnished,2,7,20,Bachelor,0,0,0,0,1,0,0,5.1,3.0,14000
Mahadevapura,3,1553,Semi-Furnished,7,7,20,Bachelor,1,0,0,0,1,1,0,3.4,1.7,31500
Begur,1,495,Semi-Furnished,2,10,10,Bachelor,0,0,0,1,0,0,0,5.3,3.9,12000
Sarjapur Road,1,668,Semi-Furnished,1,7,3,Bachelor,0,0,1,1,0,0,1,4.2,0.2,17500
HSR Layout,2,1013,Fully Furnished,2,5,10,Any,1,0,1,0,1,1,0,2.4,2.3,34500
Indiranagar,3,1336,Semi-Furnished,1,5,10,Any,1,0,1,1,1,1,0,1.2,2.1,61500
Mahadevapura,2,1018,Unfurnished,0,3,10,Bachelor,0,0,0,1,1,1,1,3.3,0.4,19500
Whitefield,2,874,Unfurnished,2,5,6,Any,0,1,1,1,1,1,0,4.9,0.5,26500
Koramangala,2,967,Semi-Furnished,2,7,6,Family,1,0,0,0,1,0,0,1.1,2.6,49500
BTM Layout,2,956,Semi-Furnished,5,5,10,Family,0,0,1,1,0,1,0,2.1,3.2,29000
Begur,1,523,Semi-Furnished,5,7,15,Family,0,1,0,0,0,0,0,5.2,3.0,12500
Marathahalli,2,822,Unfurnished,3,3,15,Bachelor,1,0,0,1,0,1,0,3.4,0.4,23500
Banashankari,2,946,Fully Furnished,0,5,3,Family,1,1,0,0,0,0,0,3.8,6.7,26000
Banashankari,2,1021,Unfurnished,0,5,3,Any,0,1,0,1,0,0,0,3.3,5.4,19500
Jayanagar,2,917,Unfurnished,2,7,20,Family,0,0,1,1,0,1,0,1.1,5.7,23500
BTM Layout,2,975,Semi-Furnished,3,5,10,Bachelor,1,0,1,0,1,1,0,2.3,2.2,31500
BTM Layout,1,392,Unfurnished,10,10,20,Family,0,0,0,0,0,0,1,2.6,2.7,13000
Koramangala,2,1125,Semi-Furnished,5,5,20,Family,1,1,1,1,1,1,0,0.9,1.3,37500
Mahadevapura,1,681,Semi-Furnished,4,7,6,Any,0,0,0,0,0,1,0,3.4,1.3,14000
JP Nagar,1,593,Semi-Furnished,1,3,1,Bachelor,0,1,1,0,1,1,0,2.6,4.7,19500
Electronic City,2,1170,Semi-Furnished,0,7,6,Any,0,0,0,1,0,1,0,5.6,0.2,19000
Electronic City,3,1417,Unfurnished,3,7,10,Any,0,0,0,0,1,0,0,5.8,0.2,15500
Vasanth Nagar,3,1724,Unfurnished,4,7,3,Family,0,0,1,1,1,0,0,1.0,3.9,60500
Sarjapur Road,2,1059,Fully Furnished,2,7,3,Family,0,0,0,0,0,1,0,3.8,0.2,36500
Yelahanka,1,672,Semi-Furnished,2,3,10,Any,1,0,0,1,0,0,0,4.5,7.7,15000
Hennur,1,588,Semi-Furnished,2,10,1,Any,0,0,0,0,1,0,0,4.5,6.3,10000
Vasanth Nagar,3,1360,Unfurnished,7,7,20,Bachelor,0,0,1,1,1,1,1,0.9,3.5,78000
Sarjapur Road,2,951,Semi-Furnished,8,10,10,Any,1,0,0,0,1,0,1,3.6,1.3,24000
Whitefield,2,1041,Semi-Furnished,7,10,15,Any,1,0,1,0,1,1,0,3.9,1.5,29000
HSR Layout,3,1589,Semi-Furnished,4,10,10,Family,0,1,1,1,1,0,0,2.6,1.5,42500
Indiranagar,2,897,Fully Furnished,0,15,10,Bachelor,0,0,1,0,1,0,1,1.1,3.4,60000
Sarjapur Road,3,1259,Unfurnished,10,10,10,Any,1,0,0,0,1,1,0,4.3,1.1,31000
Bellandur,1,445,Unfurnished,2,3,1,Any,0,0,0,1,1,0,0,3.7,1.0,15500
BTM Layout,2,1173,Fully Furnished,2,7,3,Family,1,0,0,0,1,0,0,2.5,3.2,32500
Whitefield,3,1507,Fully Furnished,0,3,10,Family,1,1,1,0,1,0,0,4.8,0.2,44000
JP Nagar,2,1086,Unfurnished,0,5,15,Family,0,0,0,0,0,0,1,3.0,6.1,20000
Bellandur,2,1142,Semi-Furnished,3,5,15,Family,1,0,0,1,0,0,0,3.7,1.1,21000
Jayanagar,2,1020,Unfurnished,5,5,15,Any,0,0,0,1,1,0,0,1.5,4.5,27000
Hennur,3,1241,Unfurnished,2,7,3,Family,0,0,0,0,0,0,1,4.4,7.0,20000
HSR Layout,1,471,Semi-Furnished,3,3,10,Family,0,0,1,0,1,0,0,2.4,2.8,21500
BTM Layout,2,898,Unfurnished,4,7,1,Family,0,0,1,1,1,0,1,2.0,2.4,24500
Koramangala,1,405,Fully Furnished,6,7,15,Bachelor,1,0,1,1,1,1,1,1.4,2.3,42000
Indiranagar,2,839,Semi-Furnished,1,7,1,Bachelor,0,0,1,1,0,1,0,1.2,2.9,54000
Marathahalli,1,640,Unfurnished,6,7,3,Family,1,0,1,0,1,0,0,3.7,0.5,17500
HSR Layout,1,385,Unfurnished,1,3,10,Family,0,0,0,0,1,1,0,2.4,1.6,15500
Electronic City,2,1082,Fully Furnished,1,3,1,Family,0,0,0,0,1,0,0,5.5,0.5,21000
Koramangala,3,1463,Unfurnished,5,7,15,Bachelor,1,1,0,1,1,1,0,1.8,1.5,60500
BTM Layout,1,517,Semi-Furnished,0,5,20,Family,1,0,0,1,0,0,0,2.1,1.6,15000
BTM Layout,1,479,Semi-Furnished,2,3,1,Any,1,0,1,1,0,0,1,2.5,2.7,25000
Koramangala,3,1140,Semi-Furnished,1,7,1,Bachelor,0,1,1,1,0,1,1,0.9,2.4,83500
Indiranagar,2,904,Semi-Furnished,5,5,20,Family,1,1,0,1,1,1,1,1.2,4.3,52000
JP Nagar,3,1151,Unfurnished,14,15,6,Any,1,0,1,0,1,0,0,2.5,6.3,30000
Yelahanka,1,584,Unfurnished,0,5,15,Family,0,0,1,1,0,0,0,3.5,8.8,11000
JP Nagar,2,1043,Unfurnished,2,3,20,Any,0,1,0,1,0,0,0,3.2,5.9,21000
Marathahalli,1,476,Semi-Furnished,1,3,10,Family,0,0,1,0,1,1,0,3.1,1.4,17000
Whitefield,1,527,Semi-Furnished,1,3,1,Bachelor,0,0,0,0,1,1,0,4.5,0.6,21500
Koramangala,2,894,Unfurnished,1,7,6,Any,0,0,1,0,0,1,0,1.5,1.8,42500
Banashankari,2,1057,Unfurnished,2,5,10,Any,1,0,1,1,1,1,1,3.5,5.5,23500
Begur,3,1457,Semi-Furnished,3,5,3,Family,0,0,1,0,0,0,0,4.8,4.1,20000
Marathahalli,2,1017,Semi-Furnished,1,15,3,Family,0,1,1,1,0,0,1,3.8,0.9,36500
Sarjapur Road,2,867,Fully Furnished,14,15,15,Bachelor,0,0,0,0,0,0,0,4.0,1.2,29500
BTM Layout,2,773,Semi-Furnished,3,3,3,Any,0,1,1,1,1,0,0,2.3,1.8,36000
Mahadevapura,3,1404,Semi-Furnished,5,15,15,Any,1,0,0,1,0,0,0,3.1,1.1,31500
Mahadevapura,2,1172,Semi-Furnished,5,5,10,Family,0,0,0,0,1,0,0,3.4,2.5,22000
Marathahalli,2,1062,Fully Furnished,13,15,20,Family,1,0,0,1,0,1,0,3.1,0.9,33500
Begur,2,991,Fully Furnished,0,3,20,Bachelor,1,0,1,0,0,0,0,4.9,4.0,15500
Indiranagar,2,802,Semi-Furnished,14,15,20,Family,0,0,0,1,0,1,0,0.8,2.6,50500
Koramangala,2,954,Unfurnished,12,20,3,Family,0,0,1,0,1,1,1,1.1,2.5,50000
Mahadevapura,3,1136,Unfurnished,3,3,3,Family,0,1,0,1,1,0,0,3.6,1.1,24500
Electronic City,2,928,Semi-Furnished,3,3,3,Bachelor,0,0,0,1,0,0,0,5.7,0.2,16500
Indiranagar,3,1391,Fully Furnished,0,5,10,Any,1,0,1,1,1,1,1,0.7,3.2,81000
HSR Layout,1,536,Semi-Furnished,4,10,10,Any,0,0,1,0,0,1,0,2.8,3.4,19000
Koramangala,2,947,Unfurnished,6,7,3,Family,0,0,1,1,1,0,1,0.5,1.9,43500
HSR Layout,3,1344,Fully Furnished,1,7,15,Bachelor,0,0,1,1,0,1,0,1.9,2.4,40000
Mahadevapura,1,566,Fully Furnished,4,5,15,Any,1,0,0,0,0,0,0,3.4,1.6,15500
Marathahalli,3,1357,Unfurnished,6,7,1,Family,0,0,0,0,1,0,0,3.5,0.6,35000
BTM Layout,2,889,Semi-Furnished,0,3,15,Any,0,1,0,0,0,1,0,2.0,2.0,26500
BTM Layout,3,1695,Semi-Furnished,1,5,1,Bachelor,1,1,0,1,1,1,0,2.4,2.5,43000
Koramangala,2,1264,Fully Furnished,4,15,3,Family,1,0,0,0,1,1,0,1.3,1.2,62500
HSR Layout,2,983,Fully Furnished,0,5,6,Bachelor,0,0,1,0,0,0,0,2.6,2.4,44500
Whitefield,1,580,Semi-Furnished,5,10,15,Family,0,1,0,1,0,1,0,4.7,0.2,20500
Begur,2,1015,Semi-Furnished,4,5,6,Any,0,0,0,0,1,0,0,5.0,2.7,13000
Electronic City,1,597,Fully Furnished,3,3,6,Family,0,0,0,0,0,1,0,5.9,0.5,12500
Koramangala,1,527,Semi-Furnished,2,5,3,Family,0,1,0,0,0,1,1,1.1,1.7,29000
Hennur,1,634,Semi-Furnished,7,7,3,Family,1,0,0,0,0,1,0,4.3,7.3,13000
Mahadevapura,2,1045,Fully Furnished,6,7,20,Any,0,0,1,0,0,0,0,3.0,1.0,25500
Mahadevapura,3,1490,Unfurnished,9,10,6,Bachelor,0,0,0,1,0,1,1,2.6,1.7,25000
Banashankari,1,400,Semi-Furnished,0,5,6,Bachelor,0,0,1,0,0,1,0,3.5,6.2,13500
JP Nagar,1,460,Fully Furnished,3,3,15,Bachelor,0,0,1,1,0,0,0,3.1,5.2,17000
HSR Layout,2,880,Fully Furnished,2,15,10,Bachelor,0,0,0,1,0,1,1,2.1,1.6,40500
Koramangala,1,447,Semi-Furnished,3,7,15,Family,0,0,1,1,1,1,1,1.2,2.1,27000
Vasanth Nagar,1,445,Unfurnished,3,3,3,Any,1,0,1,1,0,0,0,0.7,3.8,28000
HSR Layout,1,549,Semi-Furnished,1,10,15,Family,0,0,0,1,1,1,0,2.5,2.3,21500
Yelahanka,3,1701,Unfurnished,4,5,6,Family,0,0,0,0,1,1,1,3.1,7.8,26000
Bellandur,3,1744,Unfurnished,0,5,6,Any,1,1,1,1,1,1,0,3.5,1.9,34500
Yelahanka,2,972,Fully Furnished,2,3,1,Family,1,1,1,1,0,0,0,3.9,8.9,20500
Koramangala,2,891,Unfurnished,0,7,3,Family,0,0,1,1,1,0,1,1.2,2.1,32500
Begur,2,1054,Semi-Furnished,3,5,20,Bachelor,1,0,0,0,0,0,1,5.0,4.0,14000
Bannerghatta Rd,2,1032,Semi-Furnished,0,5,10,Bachelor,1,0,0,1,0,1,0,4.5,4.7,17500
Mahadevapura,2,920,Fully Furnished,5,10,20,Any,0,0,1,0,0,1,0,3.6,0.7,24500
Attibele,2,995,Semi-Furnished,4,10,6,Bachelor,0,0,0,0,0,0,0,7.7,2.5,11500
Marathahalli,2,889,Unfurnished,6,10,15,Bachelor,0,0,0,0,0,0,0,2.7,0.9,20500
Begur,1,621,Unfurnished,6,10,10,Any,1,1,0,0,0,0,0,4.7,3.5,12500
Indiranagar,2,1166,Semi-Furnished,3,5,1,Family,1,0,1,1,1,1,0,0.9,3.1,61500
BTM Layout,3,1785,Semi-Furnished,2,5,6,Family,0,0,1,1,0,1,0,1.4,2.7,31500
Vasanth Nagar,2,757,Semi-Furnished,3,3,6,Bachelor,0,0,0,1,1,1,1,0.8,3.9,51000
Jayanagar,3,1367,Semi-Furnished,15,15,3,Family,0,0,1,1,0,1,0,1.7,4.7,53500
Sadashivanagar,3,1251,Unfurnished,2,5,3,Any,1,1,1,0,1,1,1,2.8,5.6,94000
Whitefield,1,492,Semi-Furnished,2,5,10,Any,0,0,0,1,0,1,1,4.5,0.4,20500
Mahadevapura,2,1089,Semi-Furnished,10,15,15,Family,0,0,0,0,1,0,0,3.5,1.6,21000
Whitefield,2,969,Unfurnished,2,7,20,Family,1,0,0,0,0,0,0,4.2,0.2,23000
Sadashivanagar,3,1242,Unfurnished,1,3,15,Family,0,0,0,1,1,1,0,3.6,6.8,71500
Electronic City,3,1185,Unfurnished,6,7,10,Family,0,0,0,0,1,0,0,5.6,0.4,21500
Whitefield,2,809,Unfurnished,10,10,6,Family,1,0,1,1,1,0,0,4.7,0.2,23500
JP Nagar,1,383,Semi-Furnished,3,5,10,Bachelor,0,0,1,0,0,0,0,3.0,5.6,16500
Sarjapur Road,3,1613,Unfurnished,3,7,3,Any,0,0,1,0,0,1,0,3.8,1.2,31000
HSR Layout,1,499,Unfurnished,0,3,6,Any,0,1,1,1,1,0,1,2.4,1.6,19000
BTM Layout,3,1504,Unfurnished,3,7,15,Family,0,1,0,1,0,1,0,2.2,2.1,34500
Bannerghatta Rd,3,1607,Fully Furnished,1,7,3,Family,0,0,0,0,1,0,1,4.1,4.3,30500
HSR Layout,2,849,Fully Furnished,0,5,10,Bachelor,1,0,1,1,0,0,1,2.7,1.4,34000
Banashankari,2,926,Unfurnished,7,10,15,Any,0,0,0,1,0,0,0,3.4,6.5,17500
Hennur,2,994,Semi-Furnished,7,15,15,Any,0,0,0,0,0,1,0,4.5,7.4,16000
Sarjapur Road,2,957,Unfurnished,5,10,20,Any,0,1,1,1,0,0,0,3.7,2.2,23500
Koramangala,2,968,Semi-Furnished,0,5,6,Bachelor,0,0,1,0,0,0,0,0.9,1.1,38000
Sadashivanagar,3,1515,Unfurnished,0,5,15,Any,1,0,1,1,1,1,0,3.5,5.8,68500
Koramangala,3,1540,Semi-Furnished,9,15,15,Family,0,1,1,0,1,1,1,0.8,2.6,90000
Whitefield,3,1205,Semi-Furnished,3,15,3,Bachelor,0,0,1,0,0,1,0,4.8,0.2,36500
Banashankari,1,468,Fully Furnished,6,10,6,Family,0,0,1,0,0,1,0,3.7,6.4,19500
Indiranagar,3,1410,Unfurnished,1,10,3,Bachelor,0,0,0,1,1,1,0,0.7,3.9,65500
Begur,2,760,Fully Furnished,3,3,10,Bachelor,0,1,0,0,0,0,0,4.7,3.3,20000
Marathahalli,2,789,Fully Furnished,0,3,3,Family,0,0,0,1,1,1,1,3.6,0.3,38500
HSR Layout,1,546,Unfurnished,7,10,10,Family,0,0,1,0,1,1,0,2.2,0.9,18500
Marathahalli,2,1041,Semi-Furnished,1,7,6,Family,1,0,1,1,0,0,1,3.5,1.1,29500
Sarjapur Road,3,971,Unfurnished,12,20,3,Family,1,0,0,1,0,1,0,4.2,0.5,32000
Indiranagar,2,936,Unfurnished,1,5,20,Family,0,1,1,1,1,0,0,0.7,3.4,41500
HSR Layout,2,871,Unfurnished,4,5,3,Family,1,1,1,0,1,0,0,2.4,2.2,35000
Electronic City,2,1010,Semi-Furnished,4,15,10,Family,0,0,0,0,0,0,1,5.5,0.8,17000
Banashankari,2,998,Semi-Furnished,2,15,10,Family,0,1,0,1,1,1,0,3.7,6.7,22000
Marathahalli,1,593,Fully Furnished,3,5,1,Any,1,0,1,0,1,0,0,3.7,0.2,19500
Banashankari,2,979,Unfurnished,6,7,10,Family,0,0,1,0,1,0,0,3.4,6.0,22000
Koramangala,2,917,Fully Furnished,4,5,3,Family,1,0,1,1,1,0,0,1.3,2.0,53500
Sadashivanagar,1,653,Unfurnished,4,5,3,Bachelor,1,1,1,1,1,0,0,3.0,6.3,35000
Banashankari,3,1493,Fully Furnished,0,3,15,Any,1,1,1,1,0,0,0,3.1,5.2,35000
Jayanagar,1,655,Semi-Furnished,1,7,10,Any,1,0,1,1,1,0,1,1.7,5.6,24500
Koramangala,2,708,Unfurnished,0,7,15,Family,0,0,1,0,0,1,0,1.6,3.1,36500
Electronic City,2,928,Fully Furnished,0,7,10,Bachelor,0,0,0,0,0,0,0,5.7,1.3,15000
Attibele,2,976,Semi-Furnished,0,5,15,Any,0,0,0,0,0,0,0,8.3,2.4,11000
Mahadevapura,1,535,Semi-Furnished,2,10,6,Any,0,0,0,0,0,1,0,3.7,1.9,19000
Electronic City,1,482,Semi-Furnished,1,5,15,Any,0,1,0,0,0,0,0,5.3,0.2,11000
HSR Layout,3,1542,Semi-Furnished,4,5,6,Any,0,0,1,1,1,0,0,2.6,1.2,42000
Begur,2,1150,Semi-Furnished,7,10,1,Any,0,0,0,0,0,0,0,4.9,3.3,14000
Jayanagar,3,1384,Fully Furnished,4,7,10,Bachelor,0,1,0,1,1,1,0,1.8,5.4,56500
Begur,3,1742,Unfurnished,3,10,6,Bachelor,0,0,0,1,0,1,1,4.9,3.8,19500
Attibele,1,512,Semi-Furnished,3,7,15,Bachelor,0,0,1,1,0,0,0,8.5,1.4,9500
Bellandur,2,772,Fully Furnished,2,7,6,Any,0,0,1,1,0,0,0,3.5,1.5,31000
Attibele,2,922,Unfurnished,2,3,20,Family,0,1,1,0,0,0,0,8.4,2.9,11500
Marathahalli,3,1116,Unfurnished,0,7,3,Any,1,0,0,1,1,0,1,3.5,1.3,37000
HSR Layout,3,1022,Fully Furnished,4,5,20,Family,0,1,0,1,1,0,0,2.1,1.8,50500
Banashankari,2,1310,Semi-Furnished,8,10,20,Bachelor,1,0,0,0,1,0,1,3.0,5.9,23000
Whitefield,3,1471,Semi-Furnished,3,7,1,Any,0,1,0,1,1,0,0,5.3,0.5,55000
Indiranagar,1,577,Unfurnished,6,7,20,Family,0,0,1,1,1,1,0,0.7,3.1,26500
Whitefield,3,1293,Semi-Furnished,0,3,6,Bachelor,0,0,1,1,1,0,0,4.6,0.8,37500
Attibele,3,1120,Unfurnished,7,10,6,Family,0,0,0,0,0,0,0,8.6,2.0,15000
Jayanagar,1,795,Semi-Furnished,2,5,15,Family,0,1,1,1,0,0,0,1.0,4.9,23500
Mahadevapura,2,923,Fully Furnished,3,3,10,Family,1,0,0,0,0,1,0,3.0,1.2,26000
Bannerghatta Rd,1,492,Unfurnished,3,5,6,Family,0,0,0,0,1,0,0,3.9,4.9,11000
Bannerghatta Rd,2,867,Semi-Furnished,5,5,6,Family,0,0,0,1,0,0,0,3.5,4.1,14500
Begur,3,1223,Fully Furnished,6,7,15,Any,0,0,0,0,1,0,0,4.7,4.1,21500
Marathahalli,2,938,Semi-Furnished,4,5,20,Any,1,0,1,1,1,0,0,2.7,0.4,26000
Begur,1,585,Fully Furnished,4,15,1,Family,0,0,0,0,0,0,1,5.2,3.1,13500
Bellandur,2,1029,Semi-Furnished,7,7,6,Any,0,0,1,0,0,1,0,4.1,1.0,24500
Sadashivanagar,3,1442,Fully Furnished,0,5,6,Family,1,0,1,1,1,1,0,3.7,5.9,89500
Yelahanka,2,905,Unfurnished,6,7,20,Family,0,0,1,1,1,1,0,4.0,7.2,14500
Bellandur,2,929,Unfurnished,2,5,3,Family,0,0,1,1,0,1,1,4.0,0.9,26000
HSR Layout,1,569,Unfurnished,1,5,1,Any,1,0,1,0,0,0,0,2.3,1.4,18000
Whitefield,3,1186,Semi-Furnished,8,10,15,Any,0,0,0,1,1,0,0,4.9,0.9,38000
Sarjapur Road,3,1348,Fully Furnished,1,7,6,Family,1,0,0,0,0,1,0,4.5,1.6,48000
Sadashivanagar,2,1109,Semi-Furnished,2,3,10,Family,0,1,1,1,0,0,1,4.0,6.8,72000
Marathahalli,1,599,Semi-Furnished,5,5,20,Family,0,0,0,1,0,0,0,3.5,1.5,16000
Mahadevapura,1,490,Fully Furnished,3,7,10,Bachelor,0,1,0,0,0,0,1,2.9,1.9,17500
Yelahanka,1,550,Semi-Furnished,0,5,1,Bachelor,0,0,0,1,1,0,0,4.3,8.6,10500
Koramangala,2,959,Semi-Furnished,0,5,15,Family,0,0,1,0,0,1,0,1.6,1.7,39500
Koramangala,3,1409,Semi-Furnished,12,20,10,Any,1,1,0,0,1,1,1,0.6,2.0,80000
BTM Layout,2,1123,Semi-Furnished,2,7,6,Family,0,0,1,0,0,1,0,1.9,2.6,23000
Bannerghatta Rd,3,1180,Unfurnished,3,5,10,Any,0,0,0,0,1,0,0,4.0,4.1,24000
Vasanth Nagar,2,975,Fully Furnished,0,7,10,Any,1,0,1,1,1,0,0,0.8,4.5,59000
Whitefield,2,918,Unfurnished,7,7,6,Bachelor,0,0,1,1,0,0,1,4.7,0.6,32000
Vasanth Nagar,2,1080,Unfurnished,0,3,3,Any,1,0,1,1,1,0,0,1.6,4.1,51000
BTM Layout,1,517,Fully Furnished,3,7,20,Any,1,0,1,1,1,0,0,2.0,2.9,18500
Electronic City,2,1023,Semi-Furnished,2,5,6,Family,0,0,1,1,0,1,0,5.3,1.1,17000
Bellandur,2,932,Semi-Furnished,3,5,20,Family,0,0,1,0,0,0,0,3.4,0.9,20500
Indiranagar,1,553,Semi-Furnished,17,20,6,Any,1,0,1,1,1,1,0,0.6,3.1,33000
JP Nagar,2,888,Semi-Furnished,13,15,6,Family,1,0,1,0,0,1,0,2.9,4.5,27500
Koramangala,2,1046,Unfurnished,6,7,3,Family,0,1,1,0,1,1,0,1.7,2.6,48000
Yelahanka,3,1255,Semi-Furnished,4,7,15,Bachelor,0,0,1,0,1,0,0,4.1,8.0,19000
Sarjapur Road,2,986,Semi-Furnished,0,3,20,Any,1,0,0,0,0,1,1,4.4,1.3,25000
Indiranagar,3,1489,Fully Furnished,8,20,1,Any,0,0,0,1,1,0,1,0.6,4.0,73000
HSR Layout,2,914,Semi-Furnished,7,7,10,Any,1,0,1,1,0,1,0,2.5,2.0,33500
JP Nagar,3,1025,Fully Furnished,16,20,6,Bachelor,0,0,0,0,0,1,1,2.9,5.4,47500
Bannerghatta Rd,2,1085,Unfurnished,2,7,6,Family,0,1,0,1,0,0,0,4.3,4.5,17000
Attibele,3,1479,Semi-Furnished,0,7,3,Bachelor,0,1,0,0,0,0,0,8.5,2.3,19500
Koramangala,2,1015,Semi-Furnished,4,5,10,Any,0,0,1,0,1,1,1,1.4,2.0,51000
Mahadevapura,2,851,Fully Furnished,5,7,3,Family,1,0,0,1,1,0,1,3.3,1.4,28000
BTM Layout,2,1091,Unfurnished,4,5,15,Family,1,0,1,0,0,1,0,2.2,2.4,24000
JP Nagar,2,1017,Semi-Furnished,1,5,20,Family,1,0,0,1,1,0,1,3.2,5.8,23000
Bellandur,1,433,Fully Furnished,0,7,20,Bachelor,0,1,0,0,0,0,0,3.5,1.1,18500
Bannerghatta Rd,1,442,Unfurnished,12,15,15,Any,0,0,0,0,1,0,0,4.4,3.9,10500
Begur,1,505,Fully Furnished,5,5,1,Any,0,0,0,1,1,1,0,4.9,3.0,16000
Whitefield,3,1561,Unfurnished,7,10,3,Any,1,0,0,1,0,1,0,4.9,1.2,37500
BTM Layout,1,528,Fully Furnished,2,5,3,Family,1,0,0,0,0,0,0,1.9,1.9,25000
Mahadevapura,1,590,Fully Furnished,11,15,1,Any,0,0,0,0,0,1,0,3.2,1.4,19000
HSR Layout,2,1177,Semi-Furnished,5,7,6,Any,0,1,1,1,0,1,0,2.1,2.4,39000
Marathahalli,2,918,Semi-Furnished,4,10,6,Family,0,0,0,1,1,0,1,3.4,0.2,33000
BTM Layout,2,1102,Unfurnished,0,7,6,Any,1,0,1,1,0,1,0,2.6,3.7,24000
Sarjapur Road,1,639,Fully Furnished,7,7,15,Family,0,0,0,1,1,1,0,4.7,2.0,14500
HSR Layout,3,1773,Semi-Furnished,5,5,3,Any,1,0,0,1,1,0,0,2.3,2.0,64500
Jayanagar,3,1384,Unfurnished,2,5,15,Any,0,0,1,1,1,1,0,1.2,5.3,47000
Bannerghatta Rd,3,1212,Semi-Furnished,4,15,3,Any,0,0,0,0,1,0,0,3.7,4.7,19500
Indiranagar,2,904,Semi-Furnished,3,5,10,Bachelor,0,0,1,1,0,1,0,1.0,3.0,52000
Marathahalli,3,1247,Unfurnished,6,7,10,Family,0,0,1,0,1,0,1,3.6,1.3,24000
Vasanth Nagar,1,492,Unfurnished,3,7,3,Bachelor,0,1,1,1,1,1,0,1.0,4.7,26500
Koramangala,1,514,Unfurnished,0,5,15,Family,1,0,1,1,0,1,0,1.1,2.3,26500
Koramangala,1,655,Semi-Furnished,3,3,15,Any,0,0,1,1,1,1,1,1.1,2.1,29000
Jayanagar,2,859,Semi-Furnished,10,20,6,Any,1,0,0,0,1,1,0,1.5,4.9,37500
Hennur,2,1178,Semi-Furnished,6,10,15,Any,0,0,0,0,1,0,0,4.5,6.9,14000
HSR Layout,2,837,Fully Furnished,2,5,10,Family,0,1,1,1,1,0,0,3.0,1.3,35000
Begur,1,410,Fully Furnished,2,7,3,Any,1,0,1,0,0,0,0,5.0,4.2,14000
Whitefield,2,1011,Semi-Furnished,0,5,15,Any,1,0,1,0,1,1,0,4.6,0.7,35500
Banashankari,2,986,Unfurnished,3,3,20,Any,1,0,1,1,1,0,1,3.5,7.0,17000
Whitefield,2,854,Semi-Furnished,2,3,6,Family,1,0,1,1,0,0,0,4.3,0.2,33500
Marathahalli,2,853,Semi-Furnished,4,7,15,Family,1,1,1,1,0,1,0,3.5,0.7,28500
Bellandur,1,577,Semi-Furnished,10,10,20,Family,0,0,1,1,1,1,0,3.9,0.8,17500
HSR Layout,3,1130,Semi-Furnished,10,10,15,Bachelor,1,0,1,1,0,1,0,2.7,1.1,48500
BTM Layout,2,993,Semi-Furnished,1,7,10,Bachelor,1,0,0,1,0,1,0,3.0,3.5,25000
Hennur,1,551,Fully Furnished,4,15,6,Any,0,0,0,0,1,1,0,4.6,6.7,13500
Bannerghatta Rd,1,561,Unfurnished,0,10,10,Family,1,0,0,0,1,0,0,4.4,4.0,9500
Hennur,2,718,Semi-Furnished,3,5,3,Family,0,0,1,0,1,0,0,4.9,8.1,19000
JP Nagar,3,1290,Unfurnished,2,5,3,Bachelor,0,0,0,1,0,1,0,2.4,5.1,31000
Mahadevapura,2,1074,Fully Furnished,4,20,3,Any,0,0,1,0,1,0,1,3.0,1.4,28500
Yelahanka,2,977,Unfurnished,11,15,10,Any,0,1,1,1,1,0,0,3.5,7.8,20500
Yelahanka,3,1119,Unfurnished,9,20,3,Any,1,0,1,0,0,0,0,4.1,8.2,20500
Jayanagar,2,758,Semi-Furnished,7,10,15,Bachelor,1,0,1,1,0,1,1,1.3,5.5,29500
Whitefield,2,947,Semi-Furnished,13,20,10,Bachelor,0,0,0,1,1,0,0,5.0,1.1,32000
Jayanagar,2,1050,Unfurnished,1,3,3,Any,1,0,1,1,0,0,1,1.7,4.7,34000
BTM Layout,1,553,Semi-Furnished,9,15,6,Bachelor,0,0,1,0,0,1,0,1.9,1.4,22000
Electronic City,2,1023,Semi-Furnished,1,5,6,Family,0,0,1,0,0,1,0,5.1,0.2,20000
Jayanagar,2,1017,Unfurnished,3,3,6,Family,1,0,1,1,1,1,0,1.7,4.3,38000
Indiranagar,3,824,Semi-Furnished,4,5,3,Family,0,0,0,1,1,0,0,1.2,3.4,79500
Koramangala,2,1014,Fully Furnished,3,5,3,Any,0,0,0,1,1,1,0,1.0,2.9,71500
Bannerghatta Rd,2,880,Semi-Furnished,4,10,6,Family,0,1,1,1,1,0,0,3.8,5.2,18000
Marathahalli,2,1042,Fully Furnished,10,10,20,Family,0,0,0,0,1,0,0,3.7,0.2,27000
JP Nagar,3,1282,Semi-Furnished,7,20,6,Family,1,0,1,0,0,0,0,3.0,5.3,40500
Electronic City,3,1440,Semi-Furnished,2,10,6,Bachelor,1,0,0,0,0,0,0,5.4,0.9,26500
Electronic City,2,1019,Unfurnished,3,7,3,Family,1,1,1,0,0,1,0,6.0,0.4,20000
BTM Layout,2,849,Unfurnished,0,3,6,Any,1,0,0,0,1,1,1,2.1,2.4,23500
Sarjapur Road,2,850,Fully Furnished,9,10,15,Family,0,0,1,1,1,0,0,4.0,0.8,26000
Mahadevapura,2,827,Fully Furnished,5,5,6,Family,0,0,0,0,0,1,0,2.9,1.1,29000
Sarjapur Road,1,616,Semi-Furnished,1,3,3,Bachelor,1,0,0,1,0,0,0,4.0,1.2,19500
Sadashivanagar,2,970,Unfurnished,0,5,6,Family,0,0,0,1,0,0,0,3.7,7.7,43000
Hennur,1,674,Unfurnished,0,7,1,Family,0,0,0,1,0,0,0,4.1,6.9,9500
Marathahalli,3,1664,Semi-Furnished,6,7,10,Family,0,0,1,1,0,1,0,3.8,0.5,37500
HSR Layout,2,822,Semi-Furnished,2,10,10,Any,0,0,1,1,1,1,1,2.0,2.5,38500
JP Nagar,3,1350,Unfurnished,14,20,6,Any,1,0,0,0,0,1,0,2.9,6.1,31500
Koramangala,2,849,Fully Furnished,2,5,10,Family,0,0,1,1,1,0,0,0.7,2.4,42000
Indiranagar,2,1093,Semi-Furnished,0,15,10,Family,0,0,0,1,0,0,1,0.2,3.4,49000
Mahadevapura,2,1052,Fully Furnished,6,15,20,Any,1,0,1,0,0,0,0,3.6,1.6,23000
Koramangala,1,500,Fully Furnished,2,3,3,Any,1,0,1,1,0,0,0,1.6,2.3,38000
JP Nagar,2,800,Fully Furnished,5,7,15,Bachelor,0,0,0,1,1,0,0,3.0,5.3,22500
Marathahalli,1,659,Semi-Furnished,9,15,10,Any,0,0,0,0,1,0,0,3.3,0.7,17500
Koramangala,2,776,Semi-Furnished,3,10,10,Any,1,0,1,0,1,1,1,1.0,2.4,41000
Begur,2,1035,Semi-Furnished,5,5,1,Any,0,0,0,1,1,0,0,4.9,3.3,18500
Vasanth Nagar,3,1311,Semi-Furnished,13,15,10,Bachelor,0,0,1,1,1,1,0,1.0,4.2,97000
HSR Layout,1,468,Semi-Furnished,3,5,3,Bachelor,0,0,1,1,0,0,0,2.0,1.8,19500
HSR Layout,1,640,Fully Furnished,0,7,10,Family,1,0,1,1,0,1,1,2.6,1.6,24000
HSR Layout,2,927,Fully Furnished,4,7,10,Any,1,1,1,1,1,1,1,2.0,1.1,41500
Koramangala,3,1718,Fully Furnished,0,5,20,Bachelor,1,0,0,1,1,0,0,1.4,2.5,70500
Bellandur,2,1113,Fully Furnished,6,7,6,Family,0,0,1,1,0,0,0,3.6,1.2,28000
Begur,2,1083,Unfurnished,0,3,10,Any,0,0,1,0,0,0,0,5.4,3.6,10000
Vasanth Nagar,2,1125,Unfurnished,4,10,10,Any,1,0,0,1,1,0,1,1.2,3.8,48000
Sarjapur Road,1,617,Semi-Furnished,4,5,6,Any,0,0,0,0,1,0,0,3.9,2.0,13000
Bellandur,3,1226,Semi-Furnished,4,10,20,Any,0,0,0,0,0,1,0,4.0,0.5,28500
Electronic City,2,856,Fully Furnished,4,7,6,Any,0,0,1,1,0,0,0,5.4,0.8,17500
JP Nagar,2,1051,Semi-Furnished,0,10,15,Family,1,0,1,1,0,0,0,2.5,5.7,20500
HSR Layout,2,1136,Semi-Furnished,3,20,3,Any,1,1,0,1,1,0,1,2.3,1.2,37000
BTM Layout,1,594,Semi-Furnished,3,3,10,Any,0,0,0,0,0,0,0,2.6,2.7,13500
Bellandur,3,1425,Unfurnished,2,10,3,Family,1,0,1,1,0,0,0,4.5,0.5,34000
Electronic City,1,549,Semi-Furnished,5,5,10,Family,0,1,1,1,0,1,0,5.7,1.2,12000
Jayanagar,2,892,Fully Furnished,5,5,15,Any,0,0,1,1,1,1,0,1.5,5.3,42000
BTM Layout,1,551,Unfurnished,7,7,20,Family,0,0,0,1,0,0,0,2.2,3.1,11500
Bannerghatta Rd,2,1119,Semi-Furnished,3,7,15,Any,0,0,1,1,1,0,0,3.9,4.3,18000
Electronic City,3,1609,Semi-Furnished,2,5,1,Family,0,0,0,1,1,1,0,5.5,0.8,21000
Attibele,2,911,Unfurnished,4,15,3,Family,1,0,1,0,0,1,0,7.7,2.7,12500
Bellandur,2,1008,Unfurnished,2,10,10,Bachelor,0,1,0,1,1,0,0,3.5,1.4,20000
JP Nagar,3,1283,Fully Furnished,1,3,6,Family,0,1,0,1,1,0,0,2.9,5.5,41000
Whitefield,1,625,Semi-Furnished,9,15,10,Any,0,0,0,1,0,0,0,5.0,0.2,16500
Sarjapur Road,2,1211,Unfurnished,1,10,3,Bachelor,1,0,0,1,1,1,0,3.9,1.8,28500
Indiranagar,1,578,Unfurnished,10,10,20,Family,1,0,1,1,1,0,0,0.6,2.9,27500
Marathahalli,3,1338,Semi-Furnished,6,7,6,Family,0,0,1,1,0,1,0,3.1,0.6,40500
Sarjapur Road,2,995,Semi-Furnished,10,15,6,Family,0,0,0,0,1,0,0,4.3,1.2,29500
Sadashivanagar,2,903,Semi-Furnished,1,15,15,Family,0,0,0,1,1,0,0,3.7,5.9,54000
Mahadevapura,2,812,Unfurnished,3,3,10,Any,1,0,0,0,0,1,0,3.3,0.8,17000
Whitefield,1,509,Fully Furnished,4,7,1,Bachelor,0,0,0,0,1,1,0,4.6,1.1,21000
Begur,1,521,Semi-Furnished,8,10,1,Family,0,0,0,1,0,0,0,5.3,4.1,11500
Koramangala,2,608,Semi-Furnished,8,10,15,Bachelor,0,0,1,1,0,0,1,1.3,2.1,46000
HSR Layout,2,966,Semi-Furnished,6,10,10,Family,1,0,1,1,1,0,0,2.5,2.5,40000
Whitefield,1,518,Semi-Furnished,2,7,3,Family,0,1,0,1,1,1,0,4.7,1.2,22000
HSR Layout,1,522,Fully Furnished,0,3,6,Family,0,0,1,0,1,1,0,2.5,1.6,21000
Bellandur,3,1236,Fully Furnished,7,7,6,Any,1,0,1,0,1,0,1,3.8,1.3,51000
Bellandur,3,1472,Semi-Furnished,3,3,15,Any,1,0,0,0,1,0,0,3.5,1.8,35000
Indiranagar,2,1121,Fully Furnished,3,7,20,Any,1,1,1,1,1,1,1,0.3,3.1,54000
Marathahalli,2,1127,Fully Furnished,3,5,15,Family,0,0,1,0,1,1,0,3.8,0.2,33500
Marathahalli,1,588,Fully Furnished,3,5,3,Family,0,1,1,1,1,1,0,3.6,0.8,19500
BTM Layout,2,1042,Unfurnished,5,5,20,Bachelor,1,1,1,1,1,1,0,1.9,2.6,25000
Bannerghatta Rd,3,1451,Semi-Furnished,0,15,10,Any,0,0,0,0,0,0,1,4.0,4.1,19000
Electronic City,1,645,Unfurnished,1,5,20,Any,1,1,0,0,1,0,0,5.4,1.7,13500
Sarjapur Road,1,569,Fully Furnished,2,5,20,Family,1,0,0,1,0,0,1,4.5,0.7,15500
Bellandur,3,1265,Unfurnished,4,5,3,Family,0,1,0,1,0,0,0,3.6,2.0,32500
Banashankari,2,855,Semi-Furnished,3,3,1,Any,0,0,1,1,0,1,1,3.4,5.8,24000
Bannerghatta Rd,1,628,Semi-Furnished,3,10,20,Any,1,0,0,0,1,0,0,4.2,4.4,12500
Sarjapur Road,2,958,Semi-Furnished,2,5,6,Any,1,0,1,1,0,0,1,3.6,1.1,35000
Bellandur,2,1154,Semi-Furnished,6,20,3,Any,0,1,0,0,1,0,1,4.4,0.8,30500
Hennur,2,874,Fully Furnished,5,7,3,Any,0,0,0,0,1,0,0,4.0,7.3,16500
HSR Layout,3,1273,Semi-Furnished,2,7,1,Bachelor,0,0,1,1,1,1,1,2.4,2.0,48500
Electronic City,3,1715,Fully Furnished,3,5,15,Any,0,0,0,1,0,0,0,5.5,0.8,29000
Jayanagar,2,781,Unfurnished,12,15,3,Any,0,0,1,1,1,0,1,1.0,5.9,40000
BTM Layout,3,1555,Semi-Furnished,7,7,15,Any,1,1,0,1,1,1,1,2.0,2.6,51500
BTM Layout,2,1117,Semi-Furnished,9,10,10,Family,1,0,0,1,0,1,1,1.8,2.4,31500
Begur,3,1189,Unfurnished,8,15,3,Family,0,0,0,0,0,1,0,4.9,3.8,17000
Electronic City,2,938,Semi-Furnished,3,10,10,Bachelor,0,0,0,0,0,0,0,5.7,0.8,16000
Sarjapur Road,3,1243,Semi-Furnished,2,10,6,Bachelor,1,0,1,1,0,0,0,4.9,1.3,34000
Bellandur,3,1285,Semi-Furnished,1,3,6,Any,1,1,1,1,0,0,0,3.8,1.1,32500
Marathahalli,1,650,Fully Furnished,4,5,3,Family,0,0,0,0,1,0,0,4.0,0.9,18000
Bannerghatta Rd,3,1430,Semi-Furnished,3,7,1,Family,0,0,0,1,0,0,0,4.3,5.3,25500
Yelahanka,3,1398,Unfurnished,3,5,3,Any,1,0,0,0,1,0,0,4.0,8.3,26000
JP Nagar,3,1570,Unfurnished,4,15,6,Family,1,1,0,1,1,1,0,3.6,4.9,37500
Sadashivanagar,1,588,Semi-Furnished,1,3,3,Family,0,1,1,0,0,0,1,3.3,5.7,31500
Mahadevapura,3,1169,Unfurnished,2,5,1,Family,0,0,1,1,1,0,0,3.2,1.4,32500
Bellandur,3,1391,Unfurnished,5,5,15,Bachelor,1,0,0,1,1,1,1,3.8,1.1,28000
JP Nagar,2,840,Semi-Furnished,1,5,6,Family,1,0,1,0,1,0,0,3.3,4.8,20500
Koramangala,3,1303,Semi-Furnished,5,5,6,Any,0,0,1,1,0,1,1,1.4,2.3,94000
Electronic City,1,590,Semi-Furnished,8,10,3,Bachelor,1,1,1,0,1,1,0,5.7,1.1,13000
Koramangala,1,544,Fully Furnished,1,10,6,Any,0,1,0,1,1,1,0,1.1,2.3,37000
Sarjapur Road,2,961,Semi-Furnished,1,15,10,Bachelor,1,0,0,1,1,0,0,4.2,1.7,28000
Begur,2,993,Semi-Furnished,6,10,6,Family,0,0,0,1,1,1,0,5.4,3.5,16000
Banashankari,2,908,Fully Furnished,2,3,3,Family,0,0,1,0,1,0,0,3.8,6.1,24000
HSR Layout,1,558,Semi-Furnished,3,7,10,Family,0,0,0,0,1,1,1,3.3,1.7,23000
Sarjapur Road,3,1375,Semi-Furnished,1,5,20,Bachelor,0,1,0,1,0,0,0,4.0,0.6,40000
Electronic City,1,652,Semi-Furnished,2,5,6,Family,0,0,1,0,1,0,0,5.2,0.2,12000
Marathahalli,1,529,Unfurnished,5,7,20,Family,1,0,1,0,0,1,1,3.5,1.2,14500
Begur,1,611,Semi-Furnished,0,5,6,Bachelor,1,0,1,0,0,0,1,5.4,3.6,12000
Koramangala,2,1030,Semi-Furnished,1,5,10,Family,0,0,1,1,1,1,1,1.3,2.4,45000
Marathahalli,3,1261,Fully Furnished,5,15,20,Family,1,0,0,1,1,0,0,3.4,1.2,38000
Bellandur,2,954,Fully Furnished,7,7,15,Any,0,0,0,0,1,1,0,3.4,1.3,28500
Hennur,3,1286,Semi-Furnished,5,5,20,Any,0,0,0,0,0,0,0,4.8,7.7,18500
Jayanagar,1,626,Unfurnished,1,5,1,Family,0,0,1,1,1,1,0,1.7,4.6,23000
Electronic City,2,997,Unfurnished,2,3,6,Family,0,0,1,0,1,1,0,6.0,0.2,19000
Marathahalli,2,880,Semi-Furnished,0,10,20,Any,0,0,0,1,1,0,1,4.0,1.2,21500
JP Nagar,2,920,Semi-Furnished,7,15,10,Family,0,0,0,0,1,0,1,2.8,5.2,21500
Indiranagar,1,644,Unfurnished,3,10,3,Any,1,0,1,1,1,1,0,0.8,3.0,29500
Hennur,2,1149,Semi-Furnished,3,5,15,Family,0,1,0,0,1,1,0,4.7,7.3,15000
Sadashivanagar,2,817,Unfurnished,4,10,6,Any,0,0,1,0,1,1,1,3.8,5.9,52500
HSR Layout,3,1502,Fully Furnished,6,10,15,Family,1,1,1,0,0,1,0,2.9,1.9,49500
HSR Layout,2,931,Unfurnished,9,10,20,Any,1,1,1,1,1,0,1,2.3,1.6,27000
Hennur,1,522,Fully Furnished,1,3,1,Family,0,1,0,0,0,0,0,4.9,6.7,15500
